<?xml version="1.0" encoding="utf-8"?>
<ow-dc:owBestand xmlns:xsi="http://www.w3.org/2001/XMLSchema-instance"
                 xmlns:xlink="http://www.w3.org/1999/xlink"
                 xmlns:sl="http://www.geostandaarden.nl/bestanden-ow/standlevering-generiek"
                 xmlns:ow-dc="http://www.geostandaarden.nl/imow/bestanden/deelbestand"
                 xmlns:ow="http://www.geostandaarden.nl/imow/owobject"
                 xmlns:rg="http://www.geostandaarden.nl/imow/regelingsgebied"
                 xmlns:l="http://www.geostandaarden.nl/imow/locatie"
                 xsi:schemaLocation="http://www.geostandaarden.nl/imow/bestanden/deelbestand https://register.geostandaarden.nl/xmlschema/tpod/v1.0.3/bestanden-ow/deelbestand-ow/IMOW_Deelbestand.xsd">
   <sl:standBestand>
      <sl:dataset>Gemeente Leiden</sl:dataset>
      <sl:inhoud>
         <sl:gebied>Gemeente Leiden</sl:gebied>
<<<<<<< HEAD
<sl:leveringsId>id-publicatie-GEO0001-3881</sl:leveringsId>
=======
<sl:leveringsId>id-publicatie-GEO0001-3881</sl:leveringsId>
>>>>>>> 72fd748633ffab69735460cc92a8ab9f3ee801cd
         <sl:objectTypen>
            <sl:objectType>Regelingsgebied</sl:objectType>
         </sl:objectTypen>
      </sl:inhoud>
      <sl:stand>
         <ow-dc:owObject><!--Met het Regelingsgebied geef je het gebied aan waar de regeling van toepassing is (in dit geval Gemeente Leiden)-->
            <rg:Regelingsgebied>
<<<<<<< HEAD
               <rg:identificatie>nl.imow-gm0297.regelingsgebied.0541870705</rg:identificatie>
               <rg:locatieaanduiding>
                  <l:LocatieRef xlink:href="nl.imow-gm0297.gebied.0520891567"/>
=======
               <rg:identificatie>nl.imow-gm0297.regelingsgebied.16140793605586029</rg:identificatie>
               <rg:locatieaanduiding>
                  <l:LocatieRef xlink:href="nl.imow-gm0297.gebied.16140793605398841"/>
>>>>>>> 72fd748633ffab69735460cc92a8ab9f3ee801cd
               </rg:locatieaanduiding>
            </rg:Regelingsgebied>
         </ow-dc:owObject>
      </sl:stand>
   </sl:standBestand>
</ow-dc:owBestand>
