<?xml version="1.0" encoding="utf-8"?>
<!--Voor validatie is het noodzakelijk om ook de catalogi van de gepubliceerde versie 1.0.4 te laden.-->
<AanleveringBesluit xmlns="https://standaarden.overheid.nl/lvbb/stop/aanlevering/"
                    xmlns:xsi="http://www.w3.org/2001/XMLSchema-instance"
                    schemaversie="1.0.4"
                    xsi:schemaLocation="https://standaarden.overheid.nl/lvbb/stop/aanlevering https://standaarden.overheid.nl/lvbb/1.0.4/lvbb-stop-aanlevering.xsd">
   <BesluitVersie>
      <ExpressionIdentificatie xmlns="https://standaarden.overheid.nl/stop/imop/data/">
         <data:FRBRWork xmlns:data="https://standaarden.overheid.nl/stop/imop/data/">/akn/nl/bill/gm0546/2020/OZON0094-20210730102211</data:FRBRWork>
         <data:FRBRExpression xmlns:data="https://standaarden.overheid.nl/stop/imop/data/">/akn/nl/bill/gm0546/2020/OZON0094-20210730102211/nld@2020-08-19</data:FRBRExpression>
         <soortWork>/join/id/stop/work_003</soortWork>
      </ExpressionIdentificatie>
      <BesluitMetadata xmlns="https://standaarden.overheid.nl/stop/imop/data/">
         <eindverantwoordelijke>/tooi/id/gemeente/gm0546</eindverantwoordelijke>
         <maker>/tooi/id/gemeente/gm0546</maker>
         <!--soortBestuursorgaan is 'gemeenteraad'.-->
         <soortBestuursorgaan>/tooi/def/thes/kern/c_2a7d8663</soortBestuursorgaan>
         <officieleTitel>Besluit Concept Omgevingsvisie Leiden</officieleTitel>
         <heeftCiteertitelInformatie>
            <CiteertitelInformatie>
               <citeertitel>Besluit Concept Omgevingsvisie Leiden</citeertitel>
               <isOfficieel>true</isOfficieel>
            </CiteertitelInformatie>
         </heeftCiteertitelInformatie>
         <onderwerpen>
            <onderwerp>/tooi/def/concept/c_cfc7d5ab</onderwerp>
         </onderwerpen>
         <rechtsgebieden>
            <rechtsgebied>/tooi/def/concept/c_8ad05f6d</rechtsgebied>
         </rechtsgebieden>
         <soortProcedure>/join/id/stop/proceduretype_definitief</soortProcedure>
         <informatieobjectRefs>
            <data:informatieobjectRef xmlns:data="https://standaarden.overheid.nl/stop/imop/data/">/join/id/regdata/gm0546/2020/gemeente_leiden-OZON0094-20210730102211/nld@2020-08-20</data:informatieobjectRef>
         </informatieobjectRefs>
      </BesluitMetadata>
      <Procedureverloop xmlns="https://standaarden.overheid.nl/stop/imop/data/">
         <bekendOp>2020-08-11</bekendOp>
         <ontvangenOp>2020-08-11</ontvangenOp>
         <procedurestappen>
            <Procedurestap>
               <soortStap>/join/id/stop/procedure/stap_003</soortStap>
               <voltooidOp>2020-08-11</voltooidOp>
            </Procedurestap>
         </procedurestappen>
      </Procedureverloop>
      <ConsolidatieInformatie xmlns="https://standaarden.overheid.nl/stop/imop/data/">
         <BeoogdeRegelgeving>
            <BeoogdeRegeling>
               <doelen>
                  <data:doel xmlns:data="https://standaarden.overheid.nl/stop/imop/data/">/join/id/proces/gm0546/2020/OZON0094-20210730102211</data:doel>
               </doelen>
               <data:instrumentVersie xmlns:data="https://standaarden.overheid.nl/stop/imop/data/">/akn/nl/act/gm0546/2020/OZON0094-20210730102211/nld@2020-08-19;1</data:instrumentVersie>
               <eId>art_I</eId>
            </BeoogdeRegeling>
            <BeoogdInformatieobject>
               <doelen>
                  <data:doel xmlns:data="https://standaarden.overheid.nl/stop/imop/data/">/join/id/proces/gm0546/2020/OZON0094-20210730102211</data:doel>
               </doelen>
               <data:instrumentVersie xmlns:data="https://standaarden.overheid.nl/stop/imop/data/">/join/id/regdata/gm0546/2020/gemeente_leiden-OZON0094-20210730102211/nld@2020-08-20</data:instrumentVersie>
               <eId>!initieel_reg#cmp_1__content_o_1__list_o_1__item_o_1__ref_o_1</eId>
            </BeoogdInformatieobject>
         </BeoogdeRegelgeving>
         <Tijdstempels>
            <Tijdstempel>
               <data:doel xmlns:data="https://standaarden.overheid.nl/stop/imop/data/">/join/id/proces/gm0546/2020/OZON0094-20210730102211</data:doel>
               <soortTijdstempel>juridischWerkendVanaf</soortTijdstempel>
               <data:datum xmlns:data="https://standaarden.overheid.nl/stop/imop/data/">2021-01-01</data:datum>
               <eId>art_II</eId>
            </Tijdstempel>
         </Tijdstempels>
      </ConsolidatieInformatie>
      <BesluitCompact xmlns="https://standaarden.overheid.nl/stop/imop/tekst/">
         <RegelingOpschrift eId="longTitle" wId="longTitle">
            <Al>Besluit Concept Omgevingsvisie Leiden</Al>
         </RegelingOpschrift>
         <Aanhef eId="formula_1" wId="formula_1">
            <Al>Het besluit betreft een concept of test om te achterhalen hoe de tekst gestructureerd moet worden en welke annotaties zinvol zijn.</Al>
         </Aanhef>
         <Lichaam eId="body" wId="body">
            <WijzigArtikel eId="art_I" wId="gm0546_1__art_I">
               <Kop>
                  <Label>Artikel</Label>
                  <Nummer>I</Nummer>
               </Kop>
               <Wat>'Concept Omgevingsvisie Leiden', zie <IntRef ref="cmp_I" scope="WijzigBijlage">bijlage I</IntRef>.</Wat>
            </WijzigArtikel>
            <Artikel eId="art_II" wId="gm0546_1__art_II">
               <Kop>
                  <Label>Artikel</Label>
                  <Nummer>II</Nummer>
               </Kop>
               <Inhoud>
                  <Al>'Concept Omgevingsvisie Leiden' treedt in werking op 1 januari 2021.</Al>
               </Inhoud>
            </Artikel>
         </Lichaam>
         <Sluiting eId="formula_2" wId="formula_2">
            <Al>Sluiting bij het 'Besluit Concept Omgevingsvisie Leiden'.</Al>
         </Sluiting>
         <WijzigBijlage eId="cmp_I" wId="gm0546_1__cmp_I">
            <Kop>
               <Label>Bijlage</Label>
               <Nummer>I</Nummer>
            </Kop>
            <RegelingVrijetekst componentnaam="initieel_reg"
                                wordt="/akn/nl/act/gm0546/2020/OZON0094-20210730102211/nld@2020-08-19;1">
               <RegelingOpschrift eId="longTitle" wId="longTitle">
                  <Al>Concept Omgevingsvisie Leiden</Al>
               </RegelingOpschrift>
               <Lichaam eId="body" wId="body">
                  <Divisie eId="div_o_1" wId="gm0546_1__div_o_1">
							<!-- dit is de enige divisie waar vanuit OW naar toe verwezen wordt -->
                     <Kop>
                        <Opschrift>Heel de stad</Opschrift>
                     </Kop>
                     <Divisietekst eId="div_o_1__content_o_1" wId="gm0546_1__div_o_1__content_o_1">
                        <Inhoud>
                           <Al>
                              <IntIoRef eId="div_o_1__content_o_1__ref_o_1"
                                        wId="gm0546_1__div_o_1__content_o_1__ref_o_1"
                                        ref="gm0546_1__cmp_1__content_o_1__list_o_1__item_o_1__ref_o_1">Leiden</IntIoRef> is een internationale kennisstad (City of Science) en historische cultuurstad die volop groeit. Leiden maakt onderdeel uit van een
										verstedelijkte en succesvolle regio van ongeveer 300.000 inwoners, waarbinnen Leiden de kernstad vormt. In Leiden zal, gezien de beperkte ruimte binnen de
										stadgrenzen, de goede bereikbaarheid en de aanwezige voorzieningen, vooral ruimte zijn voor stedelijke leefmilieus. Daarbij wil Leiden een groene en duurzame
										stad zijn. En een inclusieve stad voor iedereen en met iedereen.</Al>
                           <Figuur eId="div_o_1__content_o_1__img_o_1"
                                   wId="gm0546_1__div_o_1__content_o_1__img_o_1">
                              <Illustratie naam="image1.jpeg"
                                           formaat="image/jpeg"
                                           breedte="7937"
                                           hoogte="5613"
                                           dpi="72"
                                           uitlijning="start"/>
                              <Bijschrift locatie="boven">Integrale visie</Bijschrift>
                           </Figuur>
                           <Al>Vanuit de verschillende opgaven komen vier ruimtelijke hoofdopgaven naar voren voor Leiden; Er dient gezamenlijk aan deze opgaven ontworpen te worden omdat er
										onderlinge relaties tussen de opgaven aanwezig zijn.</Al>
                        </Inhoud>
                     </Divisietekst>
                     <Divisie eId="div_o_1__div_i" wId="gm0546_1__div_o_1__div_i">
                        <Kop>
                           <Nummer>i.</Nummer>
                           <Opschrift>Groen/water</Opschrift>
                        </Kop>
                        <Divisietekst eId="div_o_1__div_i__content_o_1"
                                      wId="gm0546_1__div_o_1__div_i__content_o_1">
                           <Inhoud>
                              <Al>Om de grote opgaven ....</Al>
                              <Al>(ook een kaart van)</Al>
                           </Inhoud>
                        </Divisietekst>
                     </Divisie>
                     <Divisie eId="div_o_1__div_ii" wId="gm0546_1__div_o_1__div_ii">
                        <Kop>
                           <Nummer>ii.</Nummer>
                           <Opschrift>Mobiliteit</Opschrift>
                        </Kop>
                        <Divisietekst eId="div_o_1__div_ii__content_o_1"
                                      wId="gm0546_1__div_o_1__div_ii__content_o_1">
                           <Inhoud>
                              <Al>Omdat de stad ....</Al>
                              <Al>(ook een kaart van)</Al>
                           </Inhoud>
                        </Divisietekst>
                     </Divisie>
                     <Divisie eId="div_o_1__div_iii" wId="gm0546_1__div_o_1__div_iii">
                        <Kop>
                           <Nummer>iii.</Nummer>
                           <Opschrift>Duurzame Verstedelijking</Opschrift>
                        </Kop>
                        <Divisietekst eId="div_o_1__div_iii__content_o_1"
                                      wId="gm0546_1__div_o_1__div_iii__content_o_1">
                           <Inhoud>
                              <Al>In de moderne ....</Al>
                              <Al>(ook een kaart van)</Al>
                           </Inhoud>
                        </Divisietekst>
                     </Divisie>
                     <Divisie eId="div_o_1__div_iv" wId="gm0546_1__div_o_1__div_iv">
                        <Kop>
                           <Nummer>iv.</Nummer>
                           <Opschrift>Infra</Opschrift>
                        </Kop>
                        <Divisietekst eId="div_o_1__div_iv__content_o_1"
                                      wId="gm0546_1__div_o_1__div_iv__content_o_1">
                           <Inhoud>
                              <Al>De stad ...</Al>
                           </Inhoud>
                        </Divisietekst>
                     </Divisie>
                     <Divisie eId="div_o_1__div_o_5" wId="gm0546_1__div_o_1__div_o_5">
                        <Kop>
                           <Opschrift>Conclusie</Opschrift>
                        </Kop>
                        <Divisietekst eId="div_o_1__div_o_5__content_o_1"
                                      wId="gm0546_1__div_o_1__div_o_5__content_o_1">
                           <Inhoud>
                              <Al>Het samenbren...</Al>
                           </Inhoud>
                        </Divisietekst>
                     </Divisie>
                     <Divisie eId="div_o_1__div_o_6" wId="gm0546_1__div_o_1__div_o_6">
                        <Kop>
                           <Opschrift>De drie leefmilieus</Opschrift>
                        </Kop>
                        <Divisie eId="div_o_1__div_o_6__div_o_1"
                                 wId="gm0546_1__div_o_1__div_o_6__div_o_1">
                           <Kop>
                              <Opschrift>Leefmilieu Hoogstedelijk en dynamisch in 2040 (kaart 1)</Opschrift>
                           </Kop>
                           <Divisietekst eId="div_o_1__div_o_6__div_o_1__content_o_1"
                                         wId="gm0546_1__div_o_1__div_o_6__div_o_1__content_o_1">
                              <Inhoud>
                                 <Al>Binnen dit ...</Al>
                              </Inhoud>
                           </Divisietekst>
                        </Divisie>
                        <Divisie eId="div_o_1__div_o_6__div_o_2"
                                 wId="gm0546_1__div_o_1__div_o_6__div_o_2">
                           <Kop>
                              <Opschrift>Leefmilieu Stads en levendig in 2040 (kaart 2)</Opschrift>
                           </Kop>
                           <Divisietekst eId="div_o_1__div_o_6__div_o_2__content_o_1"
                                         wId="gm0546_1__div_o_1__div_o_6__div_o_2__content_o_1">
                              <Inhoud>
                                 <Al>Gebieden in ...</Al>
                                 <Al>De openbare ...</Al>
                              </Inhoud>
                           </Divisietekst>
                        </Divisie>
                        <Divisie eId="div_o_1__div_o_6__div_o_3"
                                 wId="gm0546_1__div_o_1__div_o_6__div_o_3">
                           <Kop>
                              <Opschrift>Leefmilieu Groen en luw in 2040 (kaart 3)</Opschrift>
                           </Kop>
                           <Divisietekst eId="div_o_1__div_o_6__div_o_3__content_o_1"
                                         wId="gm0546_1__div_o_1__div_o_6__div_o_3__content_o_1">
                              <Inhoud>
                                 <Al>De wijken ... </Al>
                              </Inhoud>
                           </Divisietekst>
                        </Divisie>
                     </Divisie>
                     <Divisie eId="div_o_1__div_o_7" wId="gm0546_1__div_o_1__div_o_7">
                        <Kop>
                           <Opschrift>Gebieden binnen de stad (met soms overlappende leefmilieu’s) (Voorbeeld vastgesteld ontwikkelperspectief Zuidwest)</Opschrift>
                        </Kop>
                        <Divisietekst eId="div_o_1__div_o_7__content_o_1"
                                      wId="gm0546_1__div_o_1__div_o_7__content_o_1">
                           <Inhoud>
                              <Al>Klein stukje tekst over zuidwest in visie verder verwijzen naar document <ExtRef ref="https://www.ruimtelijkeplannen.nl/documents/NL.IMRO.0546.OP00001-0201/t_NL.IMRO.0546.OP00001-0201.pdf"
                                         soort="URL">https://www.ruimtelijkeplannen.nl/documents/NL.IMRO.0546.OP00001-0201/t_NL.IMRO.0546.OP00001-0201.pdf</ExtRef>
                              </Al>
                           </Inhoud>
                        </Divisietekst>
                        <Divisie eId="div_o_1__div_o_7__div_o_1"
                                 wId="gm0546_1__div_o_1__div_o_7__div_o_1">
                           <Kop>
                              <Opschrift>Visie voor Leiden Zuidwest in 2040</Opschrift>
                           </Kop>
                           <Divisietekst eId="div_o_1__div_o_7__div_o_1__content_o_1"
                                         wId="gm0546_1__div_o_1__div_o_7__div_o_1__content_o_1">
                              <Inhoud>
                                 <Al>In 2040 ...</Al>
                                 <Al>In 2040 is ...</Al>
                                 <Al>Zie document zuidwest voor contouren</Al>
                              </Inhoud>
                           </Divisietekst>
                        </Divisie>
                     </Divisie>
                  </Divisie>
               </Lichaam>
               <Bijlage eId="cmp_1" wId="gm0546_1__cmp_1">
                  <Kop>
                     <Label>Bijlage</Label>
                     <Nummer>1</Nummer>
                     <Opschrift>Overzicht informatieobjecten</Opschrift>
                  </Kop>
                  <!-- houden start -->
                  <Divisietekst eId="cmp_1__content_o_1" wId="gm0546_1__cmp_1__content_o_1">
                     <Inhoud>
                        <Begrippenlijst eId="cmp_1__content_o_1__list_o_1"
                                        wId="gm0546_1__cmp_1__content_o_1__list_o_1">
                           <Begrip eId="cmp_1__content_o_1__list_o_1__item_o_1"
                                   wId="gm0546_1__cmp_1__content_o_1__list_o_1__item_o_1">
                              <Term>Gemeente Leiden</Term>
                              <Definitie>
                                 <Al>
                                    <tekst:ExtIoRef xmlns:tekst="https://standaarden.overheid.nl/stop/imop/tekst/"
                                                    wId="gm0546_1__cmp_1__content_o_1__list_o_1__item_o_1__ref_o_1"
                                                    eId="cmp_1__content_o_1__list_o_1__item_o_1__ref_o_1"
                                                    ref="/join/id/regdata/gm0546/2020/gemeente_leiden-OZON0094-20210730102211/nld@2020-08-20">/join/id/regdata/gm0546/2020/gemeente_leiden-OZON0094-20210730102211/nld@2020-08-20</tekst:ExtIoRef>
                                 </Al>
                              </Definitie>
                           </Begrip>
                        </Begrippenlijst>
                     </Inhoud>
                  </Divisietekst>
                  <!-- houden eind -->
               </Bijlage>
            </RegelingVrijetekst>
         </WijzigBijlage>
      </BesluitCompact>
   </BesluitVersie>
   <RegelingVersieInformatie>
      <ExpressionIdentificatie xmlns="https://standaarden.overheid.nl/stop/imop/data/">
         <data:FRBRWork xmlns:data="https://standaarden.overheid.nl/stop/imop/data/">/akn/nl/act/gm0546/2020/OZON0094-20210730102211</data:FRBRWork>
         <data:FRBRExpression xmlns:data="https://standaarden.overheid.nl/stop/imop/data/">/akn/nl/act/gm0546/2020/OZON0094-20210730102211/nld@2020-08-19;1</data:FRBRExpression>
         <soortWork>/join/id/stop/work_019</soortWork>
      </ExpressionIdentificatie>
      <RegelingVersieMetadata xmlns="https://standaarden.overheid.nl/stop/imop/data/">
         <versienummer>1</versienummer>
      </RegelingVersieMetadata>
      <RegelingMetadata xmlns="https://standaarden.overheid.nl/stop/imop/data/">
         <soortRegeling>/join/id/stop/regelingtype_006</soortRegeling>
         <eindverantwoordelijke>/tooi/id/gemeente/gm0546</eindverantwoordelijke>
         <maker>/tooi/id/gemeente/gm0546</maker>
         <!--soortBestuursorgaan is 'gemeenteraad'.-->
         <soortBestuursorgaan>/tooi/def/thes/kern/c_2a7d8663</soortBestuursorgaan>
         <officieleTitel>Concept Omgevingsvisie Leiden</officieleTitel>
         <heeftCiteertitelInformatie>
            <CiteertitelInformatie>
               <citeertitel>Concept Omgevingsvisie Leiden</citeertitel>
               <isOfficieel>true</isOfficieel>
            </CiteertitelInformatie>
         </heeftCiteertitelInformatie>
         <alternatieveTitels>
            <alternatieveTitel>Leiden</alternatieveTitel>
         </alternatieveTitels>
         <overheidsdomeinen>
            <overheidsdomein>/tooi/def/concept/c_bed49b60</overheidsdomein>
         </overheidsdomeinen>
         <onderwerpen>
            <onderwerp>/tooi/def/concept/c_cfc7d5ab</onderwerp>
         </onderwerpen>
         <rechtsgebieden>
            <rechtsgebied>/tooi/def/concept/c_8ad05f6d</rechtsgebied>
         </rechtsgebieden>
      </RegelingMetadata>
   </RegelingVersieInformatie>
</AanleveringBesluit>
