<?xml version="1.0" encoding="UTF-8"?>
<ow-dc:owBestand xmlns:ow-dc="http://www.geostandaarden.nl/imow/bestanden/deelbestand"
	xmlns:ow="http://www.geostandaarden.nl/imow/owobject"
	xmlns:da="http://www.geostandaarden.nl/imow/datatypenalgemeen"
	xmlns:sl="http://www.geostandaarden.nl/bestanden-ow/standlevering-generiek"
	xmlns:ga="http://www.geostandaarden.nl/imow/gebiedsaanwijzing"
	xmlns:k="http://www.geostandaarden.nl/imow/kaart"
	xmlns:l="http://www.geostandaarden.nl/imow/locatie"
	xmlns:p="http://www.geostandaarden.nl/imow/pons"
	xmlns:r="http://www.geostandaarden.nl/imow/regels"
	xmlns:rol="http://www.geostandaarden.nl/imow/regelsoplocatie"
	xmlns:vt="http://www.geostandaarden.nl/imow/vrijetekst"
	xmlns:xlink="http://www.w3.org/1999/xlink"
	xmlns:xsi="http://www.w3.org/2001/XMLSchema-instance"
	xsi:schemaLocation="http://www.geostandaarden.nl/imow/bestanden/deelbestand https://register.geostandaarden.nl/xmlschema/tpod/v1.0.3/bestanden-ow/deelbestand-ow/IMOW_Deelbestand.xsd">
	<sl:standBestand>
		<sl:dataset>Gemeentestad</sl:dataset>
		<sl:inhoud>
			<sl:gebied>Gemeentestad</sl:gebied>
<sl:leveringsId>id-publicatie-OZON0083-13247</sl:leveringsId>
			<sl:objectTypen>
				<sl:objectType>Regeltekst</sl:objectType>
				<sl:objectType>RegelVoorIedereen</sl:objectType>
				<sl:objectType>Activiteit</sl:objectType>
			</sl:objectTypen>
		</sl:inhoud>
		<!-- artikel 2.5 -->
		<sl:stand>
			<ow-dc:owObject>
				<r:Regeltekst wId="gm0297_1__chp_2__subchp_2.1__art_2.1"> 
					<r:identificatie>nl.imow-gm0297.regeltekst.2019000001</r:identificatie>
				</r:Regeltekst>
			</ow-dc:owObject>
		</sl:stand>
		<sl:stand>
			<ow-dc:owObject>
				<r:RegelVoorIedereen>
					<r:identificatie>nl.imow-gm0297.juridischeregel.2019000001</r:identificatie>
					<r:idealisatie>http://standaarden.omgevingswet.overheid.nl/idealisatie/id/concept/Exact</r:idealisatie>
					<r:artikelOfLid>
						<r:RegeltekstRef xlink:href="nl.imow-gm0297.regeltekst.2019000001"/>
					</r:artikelOfLid>
					<r:locatieaanduiding>
						<l:LocatieRef xlink:href="nl.imow-gm0297.gebiedengroep.20190000001"/>
						<l:LocatieRef xlink:href="nl.imow-gm0297.lijnengroep.20190000001"/>
						<l:LocatieRef xlink:href="nl.imow-gm0297.puntengroep.20190000001"/>
					</r:locatieaanduiding>
					<r:activiteitaanduiding>
						<rol:ActiviteitRef xlink:href="nl.imow-gm0297.activiteit.201900005"/>
						<r:ActiviteitLocatieaanduiding>
							<r:identificatie>nl.imow-gm0297.activiteitlocatieaanduiding.2019000001</r:identificatie>
							<r:activiteitregelkwalificatie>http://standaarden.omgevingswet.overheid.nl/activiteitregelkwalificatie/id/concept/Informatieplicht</r:activiteitregelkwalificatie>
							<r:locatieaanduiding>
								<l:LocatieRef xlink:href="nl.imow-gm0297.gebiedengroep.20190000001"/>
							</r:locatieaanduiding>
						</r:ActiviteitLocatieaanduiding>
					</r:activiteitaanduiding>
					<r:activiteitaanduiding>
						<rol:ActiviteitRef xlink:href="nl.imow-gm0297.activiteit.20190002451CIRKEL"/>
						<r:ActiviteitLocatieaanduiding>
							<r:identificatie>nl.imow-gm0297.activiteitlocatieaanduiding.2019000001</r:identificatie>
							<r:activiteitregelkwalificatie>http://standaarden.omgevingswet.overheid.nl/activiteitregelkwalificatie/id/concept/Informatieplicht</r:activiteitregelkwalificatie>
							<r:locatieaanduiding>
								<l:LocatieRef xlink:href="nl.imow-gm0297.gebiedengroep.20190000001"/>
							</r:locatieaanduiding>
						</r:ActiviteitLocatieaanduiding>
					</r:activiteitaanduiding>
					<r:activiteitaanduiding>
						<rol:ActiviteitRef xlink:href="nl.imow-gm0297.activiteit.20190002452CIRKEL"/>
						<r:ActiviteitLocatieaanduiding>
							<r:identificatie>nl.imow-gm0297.activiteitlocatieaanduiding.2019000001</r:identificatie>
							<r:activiteitregelkwalificatie>http://standaarden.omgevingswet.overheid.nl/activiteitregelkwalificatie/id/concept/Informatieplicht</r:activiteitregelkwalificatie>
							<r:locatieaanduiding>
								<l:LocatieRef xlink:href="nl.imow-gm0297.gebiedengroep.20190000001"/>
							</r:locatieaanduiding>
						</r:ActiviteitLocatieaanduiding>
					</r:activiteitaanduiding>
					<r:activiteitaanduiding>
						<rol:ActiviteitRef xlink:href="nl.imow-gm0297.activiteit.20190002431CIRKEL"/>
						<r:ActiviteitLocatieaanduiding>
							<r:identificatie>nl.imow-gm0297.activiteitlocatieaanduiding.2019000001</r:identificatie>
							<r:activiteitregelkwalificatie>http://standaarden.omgevingswet.overheid.nl/activiteitregelkwalificatie/id/concept/Informatieplicht</r:activiteitregelkwalificatie>
							<r:locatieaanduiding>
								<l:LocatieRef xlink:href="nl.imow-gm0297.gebiedengroep.20190000001"/>
							</r:locatieaanduiding>
						</r:ActiviteitLocatieaanduiding>
					</r:activiteitaanduiding>
				</r:RegelVoorIedereen>
			</ow-dc:owObject>
		</sl:stand>
		<!-- Activiteit FOUT gerelateerde activiteit verwijst naar zichzelf -->
		<sl:stand>
			<ow-dc:owObject>
				<rol:Activiteit>
					<rol:identificatie>nl.imow-gm0297.activiteit.201900005</rol:identificatie>
					<rol:naam>exploiteren van een verkooppunt voor motorbrandstoffen niet zijnde lpg</rol:naam>
					<rol:groep>http://standaarden.omgevingswet.overheid.nl/activiteit/id/concept/ExploitatieactiviteitDetailhandel</rol:groep>
					<rol:bovenliggendeActiviteit>
						<rol:ActiviteitRef xlink:href="nl.imow-gm0297.activiteit.201900005"/>
					</rol:bovenliggendeActiviteit>
				</rol:Activiteit>
			</ow-dc:owObject>	
		</sl:stand>
		<!-- CirkelActiviteit -->
		<sl:stand>
			<ow-dc:owObject>
				<rol:Activiteit>
					<rol:identificatie>nl.imow-gm0297.activiteit.20190002453CIRKEL</rol:identificatie>
					<rol:naam>exploiteren van een verkooppunt voor motorbrandstoffen niet zijnde lpg</rol:naam>
					<rol:groep>http://standaarden.omgevingswet.overheid.nl/activiteit/id/concept/ExploitatieactiviteitDetailhandel</rol:groep>
					<rol:bovenliggendeActiviteit>
						<rol:ActiviteitRef xlink:href="nl.imow-gm0297.activiteit.20190002451CIRKEL"/>
					</rol:bovenliggendeActiviteit>
				</rol:Activiteit>
			</ow-dc:owObject>
		</sl:stand>
		<!-- CirkelActiviteit -->
		<sl:stand>
			<ow-dc:owObject>
				<rol:Activiteit>
					<rol:identificatie>nl.imow-gm0297.activiteit.20190002451CIRKEL</rol:identificatie>
					<rol:naam>exploiteren van een verkooppunt voor motorbrandstoffen niet zijnde lpg</rol:naam>
					<rol:groep>http://standaarden.omgevingswet.overheid.nl/activiteit/id/concept/ExploitatieactiviteitDetailhandel</rol:groep>
					<rol:bovenliggendeActiviteit>
						<rol:ActiviteitRef xlink:href="nl.imow-gm0297.activiteit.20190002452CIRKEL"/>
					</rol:bovenliggendeActiviteit>
				</rol:Activiteit>
			</ow-dc:owObject>
		</sl:stand>
		<!-- CirkelActiviteit -->
		<sl:stand>
			<ow-dc:owObject>
				<rol:Activiteit>
					<rol:identificatie>nl.imow-gm0297.activiteit.20190002452CIRKEL</rol:identificatie>
					<rol:naam>exploiteren van een verkooppunt voor motorbrandstoffen niet zijnde lpg</rol:naam>
					<rol:groep>http://standaarden.omgevingswet.overheid.nl/activiteit/id/concept/ExploitatieactiviteitDetailhandel</rol:groep>
					<rol:bovenliggendeActiviteit>
						<rol:ActiviteitRef xlink:href="nl.imow-gm0297.activiteit.20190002453CIRKEL"/>
					</rol:bovenliggendeActiviteit>
				</rol:Activiteit>
			</ow-dc:owObject>
		</sl:stand>	</sl:standBestand>
</ow-dc:owBestand>
