<?xml version="1.0" encoding="utf-8"?>
<ow-dc:owBestand xmlns:xsi="http://www.w3.org/2001/XMLSchema-instance"
                 xmlns:xlink="http://www.w3.org/1999/xlink"
                 xmlns:ga="http://www.geostandaarden.nl/imow/gebiedsaanwijzing"
                 xmlns:gml="http://www.opengis.net/gml/3.2"
                 xmlns:l="http://www.geostandaarden.nl/imow/locatie"
                 xmlns:da="http://www.geostandaarden.nl/imow/datatypenalgemeen"
                 xmlns:sl="http://www.geostandaarden.nl/bestanden-ow/standlevering-generiek"
                 xmlns:ow-dc="http://www.geostandaarden.nl/imow/bestanden/deelbestand"
                 xmlns:rol="http://www.geostandaarden.nl/imow/regelsoplocatie"
                 xmlns:ow="http://www.geostandaarden.nl/imow/owobject"
                 xmlns:r="http://www.geostandaarden.nl/imow/regels"
                 xmlns:op="http://www.geostandaarden.nl/imow/opobject"
                 xsi:schemaLocation="http://www.geostandaarden.nl/imow/bestanden/deelbestand https://register.geostandaarden.nl/xmlschema/tpod/v2.0.0/bestanden-ow/deelbestand-ow/IMOW_Deelbestand.xsd">
   <sl:standBestand>
      <sl:dataset>Gemeentestad</sl:dataset>
      <sl:inhoud>
         <sl:gebied>Gemeentestad</sl:gebied>
         <sl:leveringsId>abc-20190221-0801-AFBREEK-LVBB7005-0-20210908123526</sl:leveringsId>
         <sl:objectTypen>
            <sl:objectType>Gebiedsaanwijzing</sl:objectType>
         </sl:objectTypen>
      </sl:inhoud>
      <sl:stand>
         <ow-dc:owObject>
            <ga:Gebiedsaanwijzing>
               <ga:identificatie>nl.imow-gm0297.gebiedsaanwijzing.201900000120210908123526</ga:identificatie>
               <ga:type>http://standaarden.omgevingswet.overheid.nl/typegebiedsaanwijzing/id/concept/Functie</ga:type>
               <ga:naam>Bedrijf categorie 2</ga:naam>
               <ga:groep>http://standaarden.omgevingswet.overheid.nl/functie/id/concept/Bedrijf</ga:groep>
               <ga:locatieaanduiding>
                  <l:LocatieRef xlink:href="nl.imow-gm0297.gebiedengroep.Bedrijfcategorie220210908123526"/>
               </ga:locatieaanduiding>
            </ga:Gebiedsaanwijzing>
         </ow-dc:owObject>
      </sl:stand>
      <sl:stand>
         <ow-dc:owObject>
            <ga:Gebiedsaanwijzing>
               <ga:identificatie>nl.imow-gm0297.gebiedsaanwijzing.201900000220210908123526</ga:identificatie>
               <ga:type>http://standaarden.omgevingswet.overheid.nl/typegebiedsaanwijzing/id/concept/Functie</ga:type>
               <ga:naam>Centrumgebied</ga:naam>
               <ga:groep>http://standaarden.omgevingswet.overheid.nl/functie/id/concept/Centrumgebied</ga:groep>
               <ga:locatieaanduiding>
                  <l:LocatieRef xlink:href="nl.imow-gm0297.gebiedengroep.centrumgebied20210908123526"/>
               </ga:locatieaanduiding>
            </ga:Gebiedsaanwijzing>
         </ow-dc:owObject>
      </sl:stand>
   </sl:standBestand>
</ow-dc:owBestand>
