<?xml version="1.0" encoding="utf-8"?>
<!--Voor validatie is het noodzakelijk om ook de catalogi van de gepubliceerde versie 1.0.4 te laden.-->
<AanleveringInformatieObject xmlns="https://standaarden.overheid.nl/lvbb/stop/aanlevering/"
                             xmlns:geo="https://standaarden.overheid.nl/stop/imop/geo/"
                             xmlns:xsi="http://www.w3.org/2001/XMLSchema-instance"
                             schemaversie="1.1.0"
                             xsi:schemaLocation="https://standaarden.overheid.nl/lvbb/stop/aanlevering https://standaarden.overheid.nl/lvbb/1.1.0/lvbb-stop-aanlevering.xsd">
   <InformatieObjectVersie>
      <ExpressionIdentificatie xmlns="https://standaarden.overheid.nl/stop/imop/data/">
         <data:FRBRWork xmlns:data="https://standaarden.overheid.nl/stop/imop/data/">/join/id/regdata/gm0297/2019/Speelhal-LVBB7008-20210916122825</data:FRBRWork>
         <data:FRBRExpression xmlns:data="https://standaarden.overheid.nl/stop/imop/data/">/join/id/regdata/gm0297/2019/Speelhal-LVBB7008-20210916122825/nld@2021-09-19;3520</data:FRBRExpression>
         <soortWork>/join/id/stop/work_010</soortWork>
      </ExpressionIdentificatie>
      <InformatieObjectVersieMetadata xmlns="https://standaarden.overheid.nl/stop/imop/data/">
         <heeftBestanden>
            <heeftBestand>
               <Bestand>
                  <bestandsnaam>Speelhal.gml</bestandsnaam>
                  <data:hash xmlns:data="https://standaarden.overheid.nl/stop/imop/data/">4c19aa8f17a47146d0230e60b491e4738c7ad77da0cfdd80ffc819397d937d0107894d3e928fc11686280f7df0027b5c9fe527c4ea6e43900f9f9397bc775034</data:hash>
               </Bestand>
            </heeftBestand>
         </heeftBestanden>
         <data:heeftGeboorteregeling xmlns:data="https://standaarden.overheid.nl/stop/imop/data/">/akn/nl/act/gm0297/2019/LVBB7008-AFBREEK-20210916122825_0</data:heeftGeboorteregeling>
      </InformatieObjectVersieMetadata>
      <InformatieObjectMetadata xmlns="https://standaarden.overheid.nl/stop/imop/data/">
         <eindverantwoordelijke>/tooi/id/gemeente/gm0297</eindverantwoordelijke>
         <maker>/tooi/id/gemeente/gm0297</maker>
         <alternatieveTitels>
            <alternatieveTitel>Speelhal</alternatieveTitel>
         </alternatieveTitels>
         <data:officieleTitel xmlns:data="https://standaarden.overheid.nl/stop/imop/data/">/join/id/regdata/gm0297/2019/Speelhal-LVBB7008-20210916122825</data:officieleTitel>
         <publicatieinstructie>TeConsolideren</publicatieinstructie>
         <formaatInformatieobject>/join/id/stop/informatieobject/gio_002</formaatInformatieobject>
         <naamInformatieObject>Speelhal</naamInformatieObject>
      </InformatieObjectMetadata>
   </InformatieObjectVersie>
</AanleveringInformatieObject>
