<?xml version="1.0" encoding="utf-8"?>
<ow-dc:owBestand xmlns:xsi="http://www.w3.org/2001/XMLSchema-instance"
                 xmlns:xlink="http://www.w3.org/1999/xlink"
                 xmlns:sl="http://www.geostandaarden.nl/bestanden-ow/standlevering-generiek"
                 xmlns:ow-dc="http://www.geostandaarden.nl/imow/bestanden/deelbestand"
                 xmlns:ow="http://www.geostandaarden.nl/imow/owobject"
                 xmlns:rg="http://www.geostandaarden.nl/imow/regelingsgebied"
                 xmlns:l="http://www.geostandaarden.nl/imow/locatie"
                 xsi:schemaLocation="http://www.geostandaarden.nl/imow/bestanden/deelbestand https://register.geostandaarden.nl/xmlschema/tpod/v1.0.3/bestanden-ow/deelbestand-ow/IMOW_Deelbestand.xsd">
   <sl:standBestand>
      <sl:dataset>Gemeente Leiden</sl:dataset>
      <sl:inhoud>
         <sl:gebied>Gemeente Leiden</sl:gebied>
         <sl:leveringsId>id-publicatie-LVBB2013-20210428104740</sl:leveringsId>
         <sl:objectTypen>
            <sl:objectType>Regelingsgebied</sl:objectType>
         </sl:objectTypen>
      </sl:inhoud>
      <sl:stand>
         <ow-dc:owObject><!--Met het Regelingsgebied geef je het gebied aan waar de regeling van toepassing is (in dit geval Gemeente Leiden)-->
            <rg:Regelingsgebied>
               <rg:identificatie>nl.imow-gm0297.regelingsgebied.0000120210428104740</rg:identificatie>
               <rg:locatieaanduiding>
                  <l:LocatieRef xlink:href="nl.imow-gm0297.gebied.0000220210428104740"/>
               </rg:locatieaanduiding>
            </rg:Regelingsgebied>
         </ow-dc:owObject>
      </sl:stand>
   </sl:standBestand>
</ow-dc:owBestand>
