<?xml version="1.0" encoding="utf-8"?>
<AanleveringInformatieObject xmlns="https://standaarden.overheid.nl/lvbb/stop/aanlevering/"
  schemaversie="1.0.3">
  <InformatieObjectVersie>
    <ExpressionIdentificatie xmlns="https://standaarden.overheid.nl/stop/imop/data/">
      <FRBRWork>/join/id/regdata/gm0297/2019/regelingsgebied</FRBRWork>
      <FRBRExpression>/join/id/regdata/gm0297/2019/regelingsgebied/nld@2019-06-18;3520</FRBRExpression>
      <soortWork>/join/id/stop/work_010</soortWork>
    </ExpressionIdentificatie>
    <InformatieObjectVersieMetadata xmlns="https://standaarden.overheid.nl/stop/imop/data/">
<heeftGeboorteregeling>/akn/nl/act/gm0297/2019/LVBB350324727</heeftGeboorteregeling>
      <heeftBestanden>
        <heeftBestand>
          <Bestand>
            <bestandsnaam>regelingsgebied.gml</bestandsnaam>
<hash>f7ad3028033d8566ee027eeac7a649d68e83a8c8ce45e8499987fc05fc0dad6bb34c38f7e9b855cb0f295f157e2ceb91db631f08f70dad7aec8fea09ab381d84</hash>
          </Bestand>
        </heeftBestand>
      </heeftBestanden>
    </InformatieObjectVersieMetadata>
    <InformatieObjectMetadata xmlns="https://standaarden.overheid.nl/stop/imop/data/">
      <eindverantwoordelijke>/tooi/id/gemeente/gm0297</eindverantwoordelijke>
      <maker>/tooi/id/gemeente/gm0297</maker>
      <alternatieveTitels>
        <alternatieveTitel>Regelingsgebied</alternatieveTitel>
      </alternatieveTitels>
      <officieleTitel>/join/id/regdata/gm0297/2019/gemeente_leiden</officieleTitel>
      <publicatieinstructie>TeConsolideren</publicatieinstructie>
      <naamInformatieObject>Regelingsgebied</naamInformatieObject>
<formaatInformatieobject>/join/id/stop/informatieobject/gio_002</formaatInformatieobject>
    </InformatieObjectMetadata>
  </InformatieObjectVersie>
</AanleveringInformatieObject>
