<?xml version="1.0" encoding="utf-8"?>
<ow-dc:owBestand xmlns:xsi="http://www.w3.org/2001/XMLSchema-instance"
                 xmlns:xlink="http://www.w3.org/1999/xlink"
                 xmlns:ga="http://www.geostandaarden.nl/imow/gebiedsaanwijzing"
                 xmlns:gml="http://www.opengis.net/gml/3.2"
                 xmlns:l="http://www.geostandaarden.nl/imow/locatie"
                 xmlns:da="http://www.geostandaarden.nl/imow/datatypenalgemeen"
                 xmlns:sl="http://www.geostandaarden.nl/bestanden-ow/standlevering-generiek"
                 xmlns:ow-dc="http://www.geostandaarden.nl/imow/bestanden/deelbestand"
                 xmlns:rol="http://www.geostandaarden.nl/imow/regelsoplocatie"
                 xmlns:r="http://www.geostandaarden.nl/imow/regels"
                 xmlns:ow="http://www.geostandaarden.nl/imow/owobject"
                 xsi:schemaLocation="http://www.geostandaarden.nl/imow/bestanden/deelbestand https://register.geostandaarden.nl/xmlschema/tpod/v2.0.0/bestanden-ow/deelbestand-ow/IMOW_Deelbestand.xsd">
   <sl:standBestand>
      <sl:dataset>Gemeentestad</sl:dataset>
      <sl:inhoud>
         <sl:gebied>Gemeentestad</sl:gebied>
         <sl:leveringsId>abc-20190221-0801-AFBREEK-STOP0026-0-20210929060902</sl:leveringsId>
         <sl:objectTypen>
            <sl:objectType>Gebied</sl:objectType>
            <sl:objectType>Gebiedengroep</sl:objectType>
         </sl:objectTypen>
      </sl:inhoud>
      <sl:stand>
         <ow-dc:owObject>
            <l:Gebiedengroep>
               <l:identificatie>nl.imow-gm0297.gebiedengroep.Bedrijfcategorie220210929060902</l:identificatie>
               <l:noemer>Bedrijf categorie 2</l:noemer>
               <l:groepselement>
                  <l:GebiedRef xlink:href="nl.imow-gm0297.gebied.201900000120210929060902"/>
               </l:groepselement>
            </l:Gebiedengroep>
         </ow-dc:owObject>
      </sl:stand>
      <sl:stand>
         <ow-dc:owObject>
            <l:Gebied>
               <l:identificatie>nl.imow-gm0297.gebied.201900000120210929060902</l:identificatie>
               <l:geometrie>
                  <l:GeometrieRef xlink:href="1584ad26-668d-4979-8359-8cb042218712"/>
               </l:geometrie>
            </l:Gebied>
         </ow-dc:owObject>
      </sl:stand>
      <sl:stand>
         <ow-dc:owObject>
            <l:Gebiedengroep>
               <l:identificatie>nl.imow-gm0297.gebiedengroep.zoneA20210929060902</l:identificatie>
               <l:noemer>zone A</l:noemer>
               <l:groepselement>
                  <l:GebiedRef xlink:href="nl.imow-gm0297.gebied.201900000220210929060902"/>
               </l:groepselement>
            </l:Gebiedengroep>
         </ow-dc:owObject>
      </sl:stand>
      <sl:stand>
         <ow-dc:owObject>
            <l:Gebied>
               <l:identificatie>nl.imow-gm0297.gebied.201900000220210929060902</l:identificatie>
               <l:geometrie>
                  <l:GeometrieRef xlink:href="8fd2062d-faf8-4c6f-98e4-7ce8c2760328"/>
               </l:geometrie>
            </l:Gebied>
         </ow-dc:owObject>
      </sl:stand>
      <sl:stand>
         <ow-dc:owObject>
            <l:Gebiedengroep>
               <l:identificatie>nl.imow-gm0297.gebiedengroep.zoneB20210929060902</l:identificatie>
               <l:noemer>zone B</l:noemer>
               <l:groepselement>
                  <l:GebiedRef xlink:href="nl.imow-gm0297.gebied.201900000320210929060902"/>
               </l:groepselement>
            </l:Gebiedengroep>
         </ow-dc:owObject>
      </sl:stand>
      <sl:stand>
         <ow-dc:owObject>
            <l:Gebied>
               <l:identificatie>nl.imow-gm0297.gebied.201900000320210929060902</l:identificatie>
               <l:geometrie>
                  <l:GeometrieRef xlink:href="8e1ca059-12fa-484d-9412-5e04215fa632"/>
               </l:geometrie>
            </l:Gebied>
         </ow-dc:owObject>
      </sl:stand>
      <sl:stand>
         <ow-dc:owObject>
            <l:Gebiedengroep>
               <l:identificatie>nl.imow-gm0297.gebiedengroep.centrumgebied20210929060902</l:identificatie>
               <l:noemer>Centrumgebied</l:noemer>
               <l:groepselement>
                  <l:GebiedRef xlink:href="nl.imow-gm0297.gebied.201900000420210929060902"/>
               </l:groepselement>
            </l:Gebiedengroep>
         </ow-dc:owObject>
      </sl:stand>
      <sl:stand>
         <ow-dc:owObject>
            <l:Gebied>
               <l:identificatie>nl.imow-gm0297.gebied.201900000420210929060902</l:identificatie>
               <l:geometrie>
                  <l:GeometrieRef xlink:href="62c114c0-6e5b-44c2-8c88-a2eb7cee862a"/>
               </l:geometrie>
            </l:Gebied>
         </ow-dc:owObject>
      </sl:stand>
      <sl:stand>
         <ow-dc:owObject>
            <l:Gebiedengroep>
               <l:identificatie>nl.imow-gm0297.gebiedengroep.speelhal20210929060902</l:identificatie>
               <l:noemer>exploiteren speelautomatenhal</l:noemer>
               <l:groepselement>
                  <l:GebiedRef xlink:href="nl.imow-gm0297.gebied.201900000720210929060902"/>
               </l:groepselement>
            </l:Gebiedengroep>
         </ow-dc:owObject>
      </sl:stand>
      <sl:stand>
         <ow-dc:owObject>
            <l:Gebied>
               <l:identificatie>nl.imow-gm0297.gebied.201900000720210929060902</l:identificatie>
               <l:geometrie>
                  <l:GeometrieRef xlink:href="99250637-7e01-44c1-85db-4e82b0ab8209"/>
               </l:geometrie>
            </l:Gebied>
         </ow-dc:owObject>
      </sl:stand>
      <sl:stand>
         <ow-dc:owObject>
            <l:Gebied>
               <l:identificatie>nl.imow-gm0297.gebied.201900000820210929060902</l:identificatie>
               <l:noemer>Zuilichem industriegebied 1</l:noemer>
               <l:geometrie>
                  <l:GeometrieRef xlink:href="10413063-5907-4a7a-90e4-4aab7d754bd9"/>
               </l:geometrie>
            </l:Gebied>
         </ow-dc:owObject>
      </sl:stand>
      <sl:stand>
         <ow-dc:owObject>
            <l:Gebied>
               <l:identificatie>nl.imow-gm0297.gebied.201900000920210929060902</l:identificatie>
               <l:noemer>Zuilichem industriegebied 2</l:noemer>
               <l:geometrie>
                  <l:GeometrieRef xlink:href="ed9ab023-a9c3-4103-a26d-6b176a3b53ad"/>
               </l:geometrie>
            </l:Gebied>
         </ow-dc:owObject>
      </sl:stand>
      <sl:stand>
         <ow-dc:owObject>
            <l:Gebied>
               <l:identificatie>nl.imow-gm0297.gebied.201900001020210929060902</l:identificatie>
               <l:noemer>Zuilichem industriegebied 3</l:noemer>
               <l:geometrie>
                  <l:GeometrieRef xlink:href="1656c33e-1e86-4394-b123-b2ed6b0d206d"/>
               </l:geometrie>
            </l:Gebied>
         </ow-dc:owObject>
      </sl:stand>
      <sl:stand>
         <ow-dc:owObject>
            <l:Gebied>
               <l:identificatie>nl.imow-gm0297.gebied.201900001320210929060902</l:identificatie>
               <l:noemer>Zuilichem industriegebied 4</l:noemer>
               <l:geometrie>
                  <l:GeometrieRef xlink:href="526999e2-2402-4d0b-8382-d6d9063916a1"/>
               </l:geometrie>
            </l:Gebied>
         </ow-dc:owObject>
      </sl:stand>
      <sl:stand>
         <ow-dc:owObject>
            <l:Gebiedengroep>
               <l:identificatie>nl.imow-gm0297.gebiedengroep.zuilichem20210929060902</l:identificatie>
               <l:noemer>Zuilichem</l:noemer>
               <l:groepselement>
                  <l:GebiedRef xlink:href="nl.imow-gm0297.gebied.201900001120210929060902"/>
               </l:groepselement>
            </l:Gebiedengroep>
         </ow-dc:owObject>
      </sl:stand>
      <sl:stand>
         <ow-dc:owObject>
            <l:Gebied>
               <l:identificatie>nl.imow-gm0297.gebied.201900001120210929060902</l:identificatie>
               <l:geometrie>
                  <l:GeometrieRef xlink:href="3dc4a9b7-f07e-4a60-955e-8698e7323e92"/>
               </l:geometrie>
            </l:Gebied>
         </ow-dc:owObject>
      </sl:stand>
      <sl:stand>
         <ow-dc:owObject>
            <l:Gebied>
               <l:identificatie>nl.imow-gm0297.gebied.201900001420210929060902</l:identificatie>
               <l:geometrie>
                  <l:GeometrieRef xlink:href="1b951bbc-6419-402e-a883-e41854c155f6"/>
               </l:geometrie>
            </l:Gebied>
         </ow-dc:owObject>
      </sl:stand>
      <sl:stand>
         <ow-dc:owObject>
            <l:Gebied>
               <l:identificatie>nl.imow-gm0297.gebied.201900001520210929060902</l:identificatie>
               <l:geometrie>
                  <l:GeometrieRef xlink:href="2f607058-2616-4c72-ac55-90217278c431"/>
               </l:geometrie>
            </l:Gebied>
         </ow-dc:owObject>
      </sl:stand>
      <sl:stand>
         <ow-dc:owObject>
            <l:Gebied>
               <l:identificatie>nl.imow-gm0297.gebied.201900001620210929060902</l:identificatie>
               <l:geometrie>
                  <l:GeometrieRef xlink:href="435ef404-7c8d-4cb3-b7de-4d3a2b831bf9"/>
               </l:geometrie>
            </l:Gebied>
         </ow-dc:owObject>
      </sl:stand>
      <!--Ambtsgebied nieuw-->
   </sl:standBestand>
</ow-dc:owBestand>
