<?xml version="1.0" encoding="utf-8"?>
<!--Voor validatie is het noodzakelijk om ook de catalogi van de gepubliceerde versie 1.0.4 te laden.-->
<AanleveringInformatieObject xmlns="https://standaarden.overheid.nl/lvbb/stop/aanlevering/"
                             xmlns:geo="https://standaarden.overheid.nl/stop/imop/geo/"
                             xmlns:xsi="http://www.w3.org/2001/XMLSchema-instance"
                             schemaversie="1.0.4"
                             xsi:schemaLocation="https://standaarden.overheid.nl/lvbb/stop/aanlevering https://standaarden.overheid.nl/lvbb/1.0.4/lvbb-stop-aanlevering.xsd">
   <InformatieObjectVersie>
      <ExpressionIdentificatie xmlns="https://standaarden.overheid.nl/stop/imop/data/">
         <data:FRBRWork xmlns:data="https://standaarden.overheid.nl/stop/imop/data/">/join/id/regdata/gm0297/2019/GoedeGebieden-LVBB1027-20210713124302</data:FRBRWork>
         <data:FRBRExpression xmlns:data="https://standaarden.overheid.nl/stop/imop/data/">/join/id/regdata/gm0297/2019/GoedeGebieden-LVBB1027-20210713124302/nld@2019-06-18;3520</data:FRBRExpression>
         <soortWork>/join/id/stop/work_010</soortWork>
      </ExpressionIdentificatie>
      <InformatieObjectVersieMetadata xmlns="https://standaarden.overheid.nl/stop/imop/data/">
         <heeftBestanden>
            <heeftBestand>
               <Bestand>
                  <bestandsnaam>GoedeGebieden.gml</bestandsnaam>
                  <data:hash xmlns:data="https://standaarden.overheid.nl/stop/imop/data/">88a86c6181352c3fa483b3835e9bf667dafd931585a80c2def267d997667e246ccf12c62b9d508b10b5755713461daa87071c1f04ec029eab7c9cc392d261943</data:hash>
               </Bestand>
            </heeftBestand>
         </heeftBestanden>
         <data:heeftGeboorteregeling xmlns:data="https://standaarden.overheid.nl/stop/imop/data/">/akn/nl/act/gm0297/2019/LVBB1027-20210713124302</data:heeftGeboorteregeling>
      </InformatieObjectVersieMetadata>
      <InformatieObjectMetadata xmlns="https://standaarden.overheid.nl/stop/imop/data/">
         <eindverantwoordelijke>/tooi/id/gemeente/gm0297</eindverantwoordelijke>
         <maker>/tooi/id/gemeente/gm0297</maker>
         <alternatieveTitels>
            <alternatieveTitel>GoedeGebieden</alternatieveTitel>
         </alternatieveTitels>
         <data:officieleTitel xmlns:data="https://standaarden.overheid.nl/stop/imop/data/">/join/id/regdata/gm0297/2019/GoedeGebieden-LVBB1027-20210713124302</data:officieleTitel>
         <publicatieinstructie>TeConsolideren</publicatieinstructie>
         <formaatInformatieobject>/join/id/stop/informatieobject/gio_002</formaatInformatieobject>
         <naamInformatieObject>GoedeGebieden</naamInformatieObject>
      </InformatieObjectMetadata>
   </InformatieObjectVersie>
</AanleveringInformatieObject>
