<?xml version="1.0" encoding="utf-8"?>
<ow-dc:owBestand xmlns:xsi="http://www.w3.org/2001/XMLSchema-instance"
                 xmlns:xlink="http://www.w3.org/1999/xlink"
                 xmlns:sl="http://www.geostandaarden.nl/bestanden-ow/standlevering-generiek"
                 xmlns:ow-dc="http://www.geostandaarden.nl/imow/bestanden/deelbestand"
                 xmlns:ow="http://www.geostandaarden.nl/imow/owobject"
                 xmlns:p="http://www.geostandaarden.nl/imow/pons"
                 xmlns:l="http://www.geostandaarden.nl/imow/locatie"
                 xsi:schemaLocation="http://www.geostandaarden.nl/imow/bestanden/deelbestand https://register.geostandaarden.nl/xmlschema/tpod/v2.0.0/bestanden-ow/deelbestand-ow/IMOW_Deelbestand.xsd">
   <sl:standBestand>
      <sl:dataset>Gemeentestad</sl:dataset>
      <sl:inhoud>
         <sl:gebied>Gemeentestad</sl:gebied>
         <sl:leveringsId>abc-20190221-0801-AFBREEK-LVBB4200-0-20210907015438</sl:leveringsId>
         <sl:objectTypen>
            <sl:objectType>Pons</sl:objectType>
         </sl:objectTypen>
      </sl:inhoud>
      <sl:stand>
         <ow-dc:owObject><!--Met de Pons duid je aan dat de oude plannen niet meer getoond hoeven te worden op het gebied dat je meelevert.-->
            <p:Pons>
               <p:identificatie>nl.imow-gm0297.pons.201900000120210907015438</p:identificatie>
               <p:locatieaanduiding>
                  <l:LocatieRef xlink:href="nl.imow-gm0297.ambtsgebied.ZaltbommelAmbtsgebied10907015438"/>
               </p:locatieaanduiding>
            </p:Pons>
         </ow-dc:owObject>
      </sl:stand>
   </sl:standBestand>
</ow-dc:owBestand>
