<?xml version="1.0" encoding="UTF-8"?>
<AanleveringInformatieObject xmlns:xsi="http://www.w3.org/2001/XMLSchema-instance" xmlns="https://standaarden.overheid.nl/lvbb/stop/aanlevering/" schemaversie="1.0.3"	
  xsi:schemaLocation="https://standaarden.overheid.nl/lvbb/stop/aanlevering/
  ../../lvbb/lvbb-stop-aanlevering.xsd">
  <InformatieObjectVersie>
    <ExpressionIdentificatie xmlns="https://standaarden.overheid.nl/stop/imop/data/">
      <FRBRWork>/join/id/regdata/gm0297/2019/FouteGebieden</FRBRWork>
      <FRBRExpression>/join/id/regdata/gm0297/2019/FouteGebieden/nld@2019-06-18;3520</FRBRExpression>
      <soortWork>/join/id/stop/work_010</soortWork>
    </ExpressionIdentificatie>
    <InformatieObjectVersieMetadata xmlns="https://standaarden.overheid.nl/stop/imop/data/">
      <heeftBestanden>
        <heeftBestand>
          <Bestand>
            <bestandsnaam>FouteGebieden.gml</bestandsnaam>
<hash>5015dc8b8ce90551661cb9ac1d7112048157443aad3564de713ce529e44af00a73641fd6a03a8e9ffe108ed4b76e7193bf2d46368043020238bd752061860be0</hash>
          </Bestand>
        </heeftBestand>
      </heeftBestanden>
<heeftGeboorteregeling>/akn/nl/act/gm0297/2019/GEO000717776</heeftGeboorteregeling>
    </InformatieObjectVersieMetadata>
    <InformatieObjectMetadata xmlns="https://standaarden.overheid.nl/stop/imop/data/">
      <eindverantwoordelijke>/tooi/id/gemeente/gm0297</eindverantwoordelijke>
      <maker>/tooi/id/gemeente/gm0297</maker>
      <alternatieveTitels>
        <alternatieveTitel>FouteGebieden</alternatieveTitel>
      </alternatieveTitels>
      <officieleTitel>/join/id/regdata/gm0297/2019/FouteGebieden</officieleTitel>
      <publicatieinstructie>TeConsolideren</publicatieinstructie>
      <formaatInformatieobject>/join/id/stop/informatieobject/gio_002</formaatInformatieobject>
      <naamInformatieObject>FouteGebieden</naamInformatieObject>
    </InformatieObjectMetadata>
  </InformatieObjectVersie>
</AanleveringInformatieObject>
