<?xml version="1.0" encoding="UTF-8"?>
<ow-dc:owBestand xmlns:ow-dc="http://www.geostandaarden.nl/imow/bestanden/deelbestand"
	xmlns:ow="http://www.geostandaarden.nl/imow/owobject"
	xmlns:da="http://www.geostandaarden.nl/imow/datatypenalgemeen"
	xmlns:sl="http://www.geostandaarden.nl/bestanden-ow/standlevering-generiek"
	xmlns:ga="http://www.geostandaarden.nl/imow/gebiedsaanwijzing"
	xmlns:k="http://www.geostandaarden.nl/imow/kaart"
	xmlns:l="http://www.geostandaarden.nl/imow/locatie"
	xmlns:p="http://www.geostandaarden.nl/imow/pons"
	xmlns:r="http://www.geostandaarden.nl/imow/regels"
	xmlns:rol="http://www.geostandaarden.nl/imow/regelsoplocatie"
	xmlns:vt="http://www.geostandaarden.nl/imow/vrijetekst"
	xmlns:xlink="http://www.w3.org/1999/xlink"
	xmlns:xsi="http://www.w3.org/2001/XMLSchema-instance"
	xsi:schemaLocation="http://www.geostandaarden.nl/imow/bestanden/deelbestand https://register.geostandaarden.nl/xmlschema/tpod/v1.0.3/bestanden-ow/deelbestand-ow/IMOW_Deelbestand.xsd">
	<sl:standBestand>
		<sl:dataset>Gemeentestad</sl:dataset>
		<sl:inhoud>
			<sl:gebied>Gemeentestad</sl:gebied>
<sl:leveringsId>id-publicatie-OZON0059-11953</sl:leveringsId>
			<sl:objectTypen>
				<sl:objectType>Gebied</sl:objectType>
				<sl:objectType>Gebiedengroep</sl:objectType>
				<sl:objectType>Punt</sl:objectType>
				<sl:objectType>Puntengroep</sl:objectType>
				<sl:objectType>Lijn</sl:objectType>
				<sl:objectType>Lijnengroep</sl:objectType>
			</sl:objectTypen>
		</sl:inhoud>
		<sl:stand>
			<ow-dc:owObject>
				<l:Puntengroep>
					<l:identificatie>nl.imow-gm0297.puntengroep.20190000001</l:identificatie>
					<l:groepselement>
						<l:PuntRef xlink:href="nl.imow-gm0297.punt.20190000001"/>
						<l:PuntRef xlink:href="nl.imow-gm0297.punt.20190000002"/>
					</l:groepselement>
				</l:Puntengroep>
			</ow-dc:owObject>
		</sl:stand>
		<sl:stand>
			<ow-dc:owObject>
				<l:Punt>
					<l:identificatie>nl.imow-gm0297.punt.20190000001</l:identificatie>
					<l:noemer>punt 1</l:noemer>
					<l:geometrie>
						<l:GeometrieRef xlink:href="C28AF779-7EDD-4A88-8B11-809798F53611PUNT"/>
					</l:geometrie>
				</l:Punt>
			</ow-dc:owObject>
		</sl:stand>
		<sl:stand>
			<ow-dc:owObject>
				<l:Punt>
					<l:identificatie>nl.imow-gm0297.punt.20190000002</l:identificatie>
					<l:noemer>punt 2</l:noemer>
					<l:geometrie>
						<l:GeometrieRef xlink:href="C28AF779-7EDD-4A88-8B11-809798F53612PUNT"/>
					</l:geometrie>
				</l:Punt>
			</ow-dc:owObject>
		</sl:stand>
		<!-- FOUT: OZON0059	Iedere Lijnengroep moet verwijzen naar Lijnen die bestaan. -->
		<sl:stand>
			<ow-dc:owObject>
				<l:Lijnengroep>
					<l:identificatie>nl.imow-gm0297.lijnengroep.20190000001</l:identificatie>
					<l:groepselement>
						<l:LijnRef xlink:href="nl.imow-gm0297.lijn.20190000001"/>
						<l:LijnRef xlink:href="nl.imow-gm0297.lijn.20190000002"/>
						<l:LijnRef xlink:href="nl.imow-gm0297.lijn.20190000003"/>
					</l:groepselement>
				</l:Lijnengroep>
			</ow-dc:owObject>
		</sl:stand>
		<sl:stand>
			<ow-dc:owObject>
				<l:Lijn>
					<l:identificatie>nl.imow-gm0297.lijn.20190000001</l:identificatie>
					<l:noemer>lijn 1</l:noemer>
					<l:geometrie>
						<l:GeometrieRef xlink:href="B28AF779-7EDD-4A88-8B11-809798F53611LIJN"/>
					</l:geometrie>
				</l:Lijn>
			</ow-dc:owObject>
		</sl:stand>
		<sl:stand>
			<ow-dc:owObject>
				<l:Lijn>
					<l:identificatie>nl.imow-gm0297.lijn.20190000002</l:identificatie>
					<l:noemer>lijn 2</l:noemer>
					<l:geometrie>
						<l:GeometrieRef xlink:href="B28AF779-7EDD-4A88-8B11-809798F53612LIJN"/>
					</l:geometrie>
				</l:Lijn>
			</ow-dc:owObject>
		</sl:stand>
		<sl:stand>
			<ow-dc:owObject>
				<l:Gebiedengroep>
					<l:identificatie>nl.imow-gm0297.gebiedengroep.20190000001</l:identificatie>
					<l:groepselement>
						<l:GebiedRef xlink:href="nl.imow-gm0297.gebied.20190000001"/>
						<l:GebiedRef xlink:href="nl.imow-gm0297.gebied.20190000002"/>
					</l:groepselement>
				</l:Gebiedengroep>
			</ow-dc:owObject>
		</sl:stand>
		<sl:stand>
			<ow-dc:owObject>
				<l:Gebied>
					<l:identificatie>nl.imow-gm0297.gebied.20190000001</l:identificatie>
					<l:noemer>Goed gebied 1</l:noemer>
					<l:geometrie>
						<l:GeometrieRef xlink:href="772B4B37-69F8-4671-B92E-3BCED242409D"/>
					</l:geometrie>
				</l:Gebied>
			</ow-dc:owObject>
		</sl:stand>
		<sl:stand>
			<ow-dc:owObject>
				<l:Gebied>
					<l:identificatie>nl.imow-gm0297.gebied.20190000002</l:identificatie>
					<l:noemer>Goed gebied 2</l:noemer>
					<l:geometrie>
						<l:GeometrieRef xlink:href="772B4B37-69F8-4671-B92E-3BCED242409E"/>
					</l:geometrie>
				</l:Gebied>
			</ow-dc:owObject>
		</sl:stand>
	</sl:standBestand>
</ow-dc:owBestand>
