<?xml version="1.0" encoding="utf-8"?>
<ow-dc:owBestand xmlns:ow-dc="http://www.geostandaarden.nl/imow/bestanden/deelbestand"
                 xmlns:ow="http://www.geostandaarden.nl/imow/owobject"
                 xmlns:da="http://www.geostandaarden.nl/imow/datatypenalgemeen"
                 xmlns:sl="http://www.geostandaarden.nl/bestanden-ow/standlevering-generiek"
                 xmlns:ga="http://www.geostandaarden.nl/imow/gebiedsaanwijzing"
                 xmlns:k="http://www.geostandaarden.nl/imow/kaart"
                 xmlns:l="http://www.geostandaarden.nl/imow/locatie"
                 xmlns:p="http://www.geostandaarden.nl/imow/pons"
                 xmlns:r="http://www.geostandaarden.nl/imow/regels"
                 xmlns:rol="http://www.geostandaarden.nl/imow/regelsoplocatie"
                 xmlns:vt="http://www.geostandaarden.nl/imow/vrijetekst"
                 xmlns:xlink="http://www.w3.org/1999/xlink"
                 xmlns:xsi="http://www.w3.org/2001/XMLSchema-instance"
                 xsi:schemaLocation="http://www.geostandaarden.nl/imow/bestanden/deelbestand https://register.geostandaarden.nl/xmlschema/tpod/v1.0.3/bestanden-ow/deelbestand-ow/IMOW_Deelbestand.xsd">
   <sl:standBestand>
      <sl:dataset>Gemeentestad</sl:dataset>
      <sl:inhoud>
         <sl:gebied>Gemeentestad</sl:gebied>
         <sl:leveringsId>id-publicatie-STOP-STOP0021-0-20210802121725-STOP0021-aangepast-0-20210921062139</sl:leveringsId>
         <sl:objectTypen>
            <sl:objectType>Gebied</sl:objectType>
         </sl:objectTypen>
      </sl:inhoud>
      <sl:stand>
         <ow-dc:owObject>
            <l:Gebied>
               <l:identificatie>nl.imow-gm0297.gebied.00001202108021217250210921062139</l:identificatie>
               <l:noemer>Goed gebied</l:noemer>
               <l:geometrie>
                  <l:GeometrieRef xlink:href="df81d05f-bd20-4028-bd60-5af5e5d4756d"/>
               </l:geometrie>
            </l:Gebied>
         </ow-dc:owObject>
      </sl:stand>
      <sl:stand>
         <ow-dc:owObject>
            <l:Gebied>
               <l:identificatie>nl.imow-gm0297.gebied.00002202108021217250210921062139</l:identificatie>
               <l:noemer>Goed gebied</l:noemer>
               <l:geometrie>
                  <l:GeometrieRef xlink:href="c78168cb-2607-48c3-914f-8f372d163e98"/>
               </l:geometrie>
            </l:Gebied>
         </ow-dc:owObject>
      </sl:stand>
   </sl:standBestand>
</ow-dc:owBestand>
