<?xml version="1.0" encoding="utf-8"?>
<ow-dc:owBestand xmlns:ow-dc="http://www.geostandaarden.nl/imow/bestanden/deelbestand"
                 xmlns:ow="http://www.geostandaarden.nl/imow/owobject"
                 xmlns:da="http://www.geostandaarden.nl/imow/datatypenalgemeen"
                 xmlns:sl="http://www.geostandaarden.nl/bestanden-ow/standlevering-generiek"
                 xmlns:ga="http://www.geostandaarden.nl/imow/gebiedsaanwijzing"
                 xmlns:k="http://www.geostandaarden.nl/imow/kaart"
                 xmlns:l="http://www.geostandaarden.nl/imow/locatie"
                 xmlns:p="http://www.geostandaarden.nl/imow/pons"
                 xmlns:r="http://www.geostandaarden.nl/imow/regels"
                 xmlns:rol="http://www.geostandaarden.nl/imow/regelsoplocatie"
                 xmlns:vt="http://www.geostandaarden.nl/imow/vrijetekst"
                 xmlns:xlink="http://www.w3.org/1999/xlink"
                 xmlns:xsi="http://www.w3.org/2001/XMLSchema-instance"
                 xsi:schemaLocation="http://www.geostandaarden.nl/imow/bestanden/deelbestand https://register.geostandaarden.nl/xmlschema/tpod/v1.0.3/bestanden-ow/deelbestand-ow/IMOW_Deelbestand.xsd">
   <sl:standBestand>
      <sl:dataset>Gemeentestad</sl:dataset>
      <sl:inhoud>
         <sl:gebied>Gemeentestad</sl:gebied>
         <sl:leveringsId>id-publicatie-OZON0104-OZON0104-0-20210715063307</sl:leveringsId>
         <sl:objectTypen>
            <sl:objectType>Regeltekst</sl:objectType>
            <sl:objectType>Omgevingswaarderegel</sl:objectType>
            <sl:objectType>Omgevingsnorm</sl:objectType>
         </sl:objectTypen>
      </sl:inhoud>
      <!-- artikel 2.5 -->
      <sl:stand>
         <ow-dc:owObject>
            <r:Regeltekst wId="gm0297_1__chp_2__subchp_2.1__art_2.1">
               <r:identificatie>nl.imow-gm0297.regeltekst.0000120210715063307</r:identificatie>
            </r:Regeltekst>
         </ow-dc:owObject>
      </sl:stand>
      <sl:stand>
         <ow-dc:owObject>
            <r:Omgevingswaarderegel>
               <r:identificatie>nl.imow-gm0297.juridischeregel.0000120210715063307</r:identificatie>
               <r:idealisatie>http://standaarden.omgevingswet.overheid.nl/idealisatie/id/concept/Exact</r:idealisatie>
               <r:artikelOfLid>
                  <r:RegeltekstRef xlink:href="nl.imow-gm0297.regeltekst.0000120210715063307"/>
               </r:artikelOfLid>
               <r:locatieaanduiding>
                  <l:LocatieRef xlink:href="nl.imow-gm0297.gebied.0000120210715063307"/>
               </r:locatieaanduiding>
               <r:omgevingswaardeaanduiding>
                  <rol:OmgevingswaardeRef xlink:href="nl.imow-gm0297.omgevingsnorm.0000120210715063307"/>
               </r:omgevingswaardeaanduiding>
            </r:Omgevingswaarderegel>
         </ow-dc:owObject>
      </sl:stand>
      <sl:stand>
         <ow-dc:owObject>
            <rol:Omgevingsnorm>
               <!-- FOUT: OZON0104	Een eerste aanlevering van een OW-object mag niet de status beëindigd hebben. -->
               <ow:status>B</ow:status>
               <rol:identificatie>nl.imow-gm0297.omgevingsnorm.0000120210715063307</rol:identificatie>
               <rol:naam>welstandsniveau</rol:naam>
               <rol:type>http://standaarden.omgevingswet.overheid.nl/typenorm/id/concept/MaximumBouwhoogte</rol:type>
               <rol:normwaarde>
                  <rol:Normwaarde>
                     <rol:identificatie>nl.imow-gm0297.normwaarde.0000120210715063307</rol:identificatie>
                     <rol:kwalitatieveWaarde>laag</rol:kwalitatieveWaarde>
                     <rol:locatieaanduiding>
                        <l:LocatieRef xlink:href="nl.imow-gm0297.gebied.0000120210715063307"/>
                     </rol:locatieaanduiding>
                  </rol:Normwaarde>
               </rol:normwaarde>
               <rol:groep>http://standaarden.omgevingswet.overheid.nl/omgevingsnorm/id/concept/Bouwaanduiding</rol:groep>
            </rol:Omgevingsnorm>
         </ow-dc:owObject>
      </sl:stand>
   </sl:standBestand>
</ow-dc:owBestand>
