<?xml version="1.0" encoding="utf-8"?>
<publicatieOpdracht xmlns="http://www.overheid.nl/2017/lvbb">
   <idLevering>id-publicatie-1250-AFBREEK-LVBB7705-0-20210914114703</idLevering>
   <!--Om de keten in te krijgen kun je gebruik maken van: 00000001003214345000 
  Dit is de OIN van ministerie van BZK, de OIN van de gemeente zaltbommel is nog niet gemachtigd.-->
   <idBevoegdGezag>00000001807288111000</idBevoegdGezag>
   <idAanleveraar>00000001807288111000</idAanleveraar>
   <!--voor landgoed IT 00000003560458830000-->
   <publicatie>akn_nl_bill_gm0297-LVBB_3520-01.xml</publicatie>
   <datumBekendmaking>2021-09-17</datumBekendmaking>
</publicatieOpdracht>
