<?xml version="1.0" encoding="utf-8"?>
<publicatieOpdracht xmlns="http://www.overheid.nl/2017/lvbb">
   <idLevering>id-publicatie-1250-AFBREEK-STOP0026-0-20210907033649</idLevering>
   <!--Om de keten in te krijgen kun je gebruik maken van: 00000001003214345000 
  Dit is de OIN van ministerie van BZK, de OIN van de gemeente zaltbommel is nog niet gemachtigd.-->
   <idBevoegdGezag>00000001812579446000</idBevoegdGezag>
   <idAanleveraar>00000003560458830000</idAanleveraar>
   <publicatie>akn_nl_bill_gm0297-3520-01.xml</publicatie>
   <datumBekendmaking>2021-09-10</datumBekendmaking>
</publicatieOpdracht>
