<?xml version="1.0" encoding="utf-8"?>
<Aanleveringen xmlns:xsi="http://www.w3.org/2001/XMLSchema-instance"
               xmlns="http://www.geostandaarden.nl/bestanden-ow/manifest-ow"
               xsi:schemaLocation="http://www.geostandaarden.nl/bestanden-ow/manifest-ow https://register.geostandaarden.nl/xmlschema/tpod/v1.0.3/bestanden-ow/generiek/manifest-ow.xsd">
   <domein>omgevingswet</domein>
   <Aanlevering>
      <WorkIDRegeling>/akn/nl/act/gm0297/2019/OZON00405114</WorkIDRegeling>
<DoelID>/join/id/proces/gm0297/2019/OZON00401372</DoelID>
      <Bestand>
         <naam>owLocaties-Gemeentestad.xml</naam>
         <objecttype>Gebied</objecttype>
      </Bestand>
      <Bestand>
         <naam>owRegeltekst-Gemeentestad.xml</naam>
         <objecttype>Regeltekst</objecttype>
         <objecttype>RegelVoorIedereen</objecttype>
      </Bestand>
      <Bestand>
         <naam>owRegelingsgebied.xml</naam>
         <objecttype>Regelingsgebied</objecttype>
      </Bestand>
   </Aanlevering>
</Aanleveringen>
