<?xml version="1.0" encoding="UTF-8"?>
<ow-dc:owBestand xmlns:xsi="http://www.w3.org/2001/XMLSchema-instance" 
  xmlns:xlink="http://www.w3.org/1999/xlink" 
  xmlns:sl="http://www.geostandaarden.nl/bestanden-ow/standlevering-generiek" 
  xmlns:ow-dc="http://www.geostandaarden.nl/imow/bestanden/deelbestand" 
  xmlns:ow="http://www.geostandaarden.nl/imow/owobject"
  xmlns:rg="http://www.geostandaarden.nl/imow/regelingsgebied"
  xmlns:l="http://www.geostandaarden.nl/imow/locatie" 
  xsi:schemaLocation="http://www.geostandaarden.nl/imow/bestanden/deelbestand https://register.geostandaarden.nl/xmlschema/tpod/v1.0.2/bestanden-ow/deelbestand-ow/IMOW_Deelbestand.xsd">
  <sl:standBestand>
    <sl:dataset>Gemeente Leiden</sl:dataset>
    <sl:inhoud>
      <sl:gebied>Gemeente Leiden</sl:gebied>
<sl:leveringsId>id-publicatie-LVBB4904-2877</sl:leveringsId>
      <sl:objectTypen>
        <sl:objectType>Regelingsgebied</sl:objectType>
      </sl:objectTypen>
    </sl:inhoud>
    <sl:stand>
      <ow-dc:owObject>
        <!--Met het Regelingsgebied geef je het gebied aan waar de regeling van toepassing is (in dit geval Gemeente Leiden)-->
        <rg:Regelingsgebied>
        	<rg:identificatie>nl.imow-gm0297.regelingsgebied.2020000001</rg:identificatie>
          <rg:locatieaanduiding>
          	<l:LocatieRef xlink:href="nl.imow-gm0297.gebied.20200001"/> 
          </rg:locatieaanduiding>
        </rg:Regelingsgebied>
      </ow-dc:owObject>
    </sl:stand>
  </sl:standBestand>
</ow-dc:owBestand>