<?xml version="1.0" encoding="utf-8"?>
<!-- -->
<AanleveringInformatieObject xmlns="https://standaarden.overheid.nl/lvbb/stop/aanlevering/"
                             xmlns:geo="https://standaarden.overheid.nl/stop/imop/geo/"
                             xmlns:xsi="http://www.w3.org/2001/XMLSchema-instance"
                             schemaversie="1.1.0"
                             xsi:schemaLocation="https://standaarden.overheid.nl/lvbb/stop/aanlevering https://standaarden.overheid.nl/lvbb/1.1.0/lvbb-stop-aanlevering.xsd">
   <InformatieObjectVersie>
      <ExpressionIdentificatie xmlns="https://standaarden.overheid.nl/stop/imop/data/">
         <data:FRBRWork xmlns:data="https://standaarden.overheid.nl/stop/imop/data/">/join/id/regdata/gm0297/2019/GoedeGebieden-STOP3118-20220117060103</data:FRBRWork>
         <data:FRBRExpression xmlns:data="https://standaarden.overheid.nl/stop/imop/data/">/join/id/regdata/gm0297/2019/GoedeGebieden-STOP3118-20220117060103/nld@2019-06-18;3520</data:FRBRExpression>
         <soortWork>/join/id/stop/work_010</soortWork>
      </ExpressionIdentificatie>
      <InformatieObjectVersieMetadata xmlns="https://standaarden.overheid.nl/stop/imop/data/">
         <heeftBestanden>
            <heeftBestand>
               <Bestand>
                  <bestandsnaam>GoedeGebieden.gml</bestandsnaam>
                  <data:hash xmlns:data="https://standaarden.overheid.nl/stop/imop/data/">051dbc08cca214987f9150dbfdd43db0ea3b7ddace55c48173c8966d7bff11755a8b5bef8ee02972bf67a88d0b51e64b236218a33d62c1dfe3af02272bf708a5</data:hash>
               </Bestand>
            </heeftBestand>
         </heeftBestanden>
         <data:heeftGeboorteregeling xmlns:data="https://standaarden.overheid.nl/stop/imop/data/">/akn/nl/act/gm0297/2019/STOP3118-20220117060103_0</data:heeftGeboorteregeling>
      </InformatieObjectVersieMetadata>
      <InformatieObjectMetadata xmlns="https://standaarden.overheid.nl/stop/imop/data/">
         <eindverantwoordelijke>/tooi/id/gemeente/gm0297</eindverantwoordelijke>
         <maker>/tooi/id/gemeente/gm0297</maker>
         <alternatieveTitels>
            <alternatieveTitel>GoedeGebieden</alternatieveTitel>
         </alternatieveTitels>
         <data:officieleTitel xmlns:data="https://standaarden.overheid.nl/stop/imop/data/">/join/id/regdata/gm0297/2019/GoedeGebieden-STOP3118-20220117060103</data:officieleTitel>
         <publicatieinstructie>TeConsolideren</publicatieinstructie>
         <formaatInformatieobject>/join/id/stop/informatieobject/gio_002</formaatInformatieobject>
         <naamInformatieObject>GoedeGebieden</naamInformatieObject>
      </InformatieObjectMetadata>
      <FeatureTypeStyle xmlns="http://www.opengis.net/se" version="1.1.0">
         <FeatureTypeName>geo:Locatie</FeatureTypeName>
         <FeatureTypeName>geo:Locatie</FeatureTypeName>
         <SemanticTypeIdentifier>geo:kwalitatieveNormwaarde</SemanticTypeIdentifier>
         <Rule>
            <Name>Maximum bouwhoogte 7 meter</Name>
            <Filter xmlns="http://www.opengis.net/ogc">
               <PropertyIsNotEqualTo>
                  <PropertyName>kwalitatieveNormwaarde</PropertyName>
                  <Literal>7</Literal>
               </PropertyIsNotEqualTo>
            </Filter>
            <PolygonSymbolizer>
               <Name>vsgt206</Name>
               <Fill>
                  <SvgParameter name="fill">#c8c8c8</SvgParameter>
                  <SvgParameter name="fill-opacity">0.3</SvgParameter>
               </Fill>
               <Stroke>
                  <SvgParameter name="stroke">#505050</SvgParameter>
                  <SvgParameter name="stroke-opacity">1</SvgParameter>
                  <SvgParameter name="stroke-width">0.5</SvgParameter>
                  <SvgParameter name="stroke-linejoin">round</SvgParameter>
               </Stroke>
            </PolygonSymbolizer>
         </Rule>
      </FeatureTypeStyle>
   </InformatieObjectVersie>
</AanleveringInformatieObject>
