<?xml version="1.0" encoding="utf-8"?>
<ow-dc:owBestand xmlns:ow-dc="http://www.geostandaarden.nl/imow/bestanden/deelbestand"
                 xmlns:ow="http://www.geostandaarden.nl/imow/owobject"
                 xmlns:da="http://www.geostandaarden.nl/imow/datatypenalgemeen"
                 xmlns:sl="http://www.geostandaarden.nl/bestanden-ow/standlevering-generiek"
                 xmlns:ga="http://www.geostandaarden.nl/imow/gebiedsaanwijzing"
                 xmlns:k="http://www.geostandaarden.nl/imow/kaart"
                 xmlns:l="http://www.geostandaarden.nl/imow/locatie"
                 xmlns:p="http://www.geostandaarden.nl/imow/pons"
                 xmlns:r="http://www.geostandaarden.nl/imow/regels"
                 xmlns:rol="http://www.geostandaarden.nl/imow/regelsoplocatie"
                 xmlns:vt="http://www.geostandaarden.nl/imow/vrijetekst"
                 xmlns:xlink="http://www.w3.org/1999/xlink"
                 xmlns:xsi="http://www.w3.org/2001/XMLSchema-instance"
                 xsi:schemaLocation="http://www.geostandaarden.nl/imow/bestanden/deelbestand https://register.geostandaarden.nl/xmlschema/tpod/v1.0.3/bestanden-ow/deelbestand-ow/IMOW_Deelbestand.xsd">
   <sl:standBestand>
      <sl:dataset>Gemeentestad</sl:dataset>
      <sl:inhoud>
         <sl:gebied>Gemeentestad</sl:gebied>
         <sl:leveringsId>id-publicatie-OZON0328-OZON0328-20210705105049</sl:leveringsId>
         <sl:objectTypen>
            <sl:objectType>Regeltekst</sl:objectType>
            <sl:objectType>Instructieregel</sl:objectType>
            <sl:objectType>Gebiedsaanwijzing</sl:objectType>
         </sl:objectTypen>
      </sl:inhoud>
      <!-- artikel 2.5 -->
      <sl:stand>
         <ow-dc:owObject>
            <r:Regeltekst wId="gm0297_1__chp_2__subchp_2.1__art_2.1">
               <r:identificatie>nl.imow-gm0297.regeltekst.0000120210705105049</r:identificatie>
            </r:Regeltekst>
         </ow-dc:owObject>
      </sl:stand>
      <sl:stand>
         <ow-dc:owObject>
            <r:Instructieregel>
               <r:identificatie>nl.imow-gm0297.juridischeregel.0000120210705105049</r:identificatie>
               <r:idealisatie>http://standaarden.omgevingswet.overheid.nl/idealisatie/id/concept/Exact</r:idealisatie>
               <r:artikelOfLid>
                  <r:RegeltekstRef xlink:href="nl.imow-gm0297.regeltekst.0000120210705105049"/>
               </r:artikelOfLid>
               <r:locatieaanduiding>
                  <l:LocatieRef xlink:href="nl.imow-gm0297.gebied.0000120210705105049"/>
               </r:locatieaanduiding>
               <!-- FOUT: OZON0328	Een instructieregel mag niet twee keer verwijzen naar dezelfde Gebiedsaanwijzing. -->
               <r:gebiedsaanwijzing>
                  <ga:GebiedsaanwijzingRef xlink:href="nl.imow-gm0546.gebiedsaanwijzing.0000120210705105049"/>
                  <ga:GebiedsaanwijzingRef xlink:href="nl.imow-gm0546.gebiedsaanwijzing.0000120210705105049"/>
               </r:gebiedsaanwijzing>
            </r:Instructieregel>
         </ow-dc:owObject>
      </sl:stand>
      <sl:stand>
         <ow-dc:owObject>
            <ga:Gebiedsaanwijzing>
               <ga:identificatie>nl.imow-gm0546.gebiedsaanwijzing.0000120210705105049</ga:identificatie>
               <ga:type>http://standaarden.omgevingswet.overheid.nl/typegebiedsaanwijzing/id/concept/Functie</ga:type>
               <ga:naam>abc</ga:naam>
               <ga:groep>http://standaarden.omgevingswet.overheid.nl/functie/id/concept/Centrumgebied</ga:groep>
               <ga:locatieaanduiding>
                  <l:LocatieRef xlink:href="nl.imow-gm0546.gebied.0000120210705105049"/>
               </ga:locatieaanduiding>
            </ga:Gebiedsaanwijzing>
         </ow-dc:owObject>
      </sl:stand>
   </sl:standBestand>
</ow-dc:owBestand>
