<?xml version="1.0" encoding="utf-8"?>
<ow-dc:owBestand xmlns:da="http://www.geostandaarden.nl/imow/datatypenalgemeen"
                 xmlns:ga="http://www.geostandaarden.nl/imow/gebiedsaanwijzing"
                 xmlns:gml="http://www.opengis.net/gml/3.2"
                 xmlns:l="http://www.geostandaarden.nl/imow/locatie"
                 xmlns:ow="http://www.geostandaarden.nl/imow/owobject"
                 xmlns:ow-dc="http://www.geostandaarden.nl/imow/bestanden/deelbestand"
                 xmlns:r="http://www.geostandaarden.nl/imow/regels"
                 xmlns:rol="http://www.geostandaarden.nl/imow/regelsoplocatie"
                 xmlns:sl="http://www.geostandaarden.nl/bestanden-ow/standlevering-generiek"
                 xmlns:xlink="http://www.w3.org/1999/xlink"
                 xmlns:xsi="http://www.w3.org/2001/XMLSchema-instance"
                 xsi:schemaLocation="http://www.geostandaarden.nl/imow/bestanden/deelbestand https://register.geostandaarden.nl/xmlschema/tpod/v2.0.0/bestanden-ow/deelbestand-ow/IMOW_Deelbestand.xsd">
   <sl:standBestand>
      <sl:dataset>Gemeentestad</sl:dataset>
      <sl:inhoud>
         <sl:gebied>Gemeentestad</sl:gebied>
         <sl:leveringsId>abc-20190221-0801-AFBREEK-LVBB5010-0-20220120044133</sl:leveringsId>
         <sl:objectTypen>
            <sl:objectType>Gebied</sl:objectType>
            <sl:objectType>Gebiedengroep</sl:objectType>
         </sl:objectTypen>
      </sl:inhoud>
      <sl:stand>
         <ow-dc:owObject>
            <l:Gebiedengroep>
               <l:identificatie>nl.imow-gm0297.gebiedengroep.Bedrijfcategorie220220120044133</l:identificatie>
               <l:noemer>Bedrijf categorie 2</l:noemer>
               <l:groepselement>
                  <l:GebiedRef xlink:href="nl.imow-gm0297.gebied.201900000120220120044133"/>
               </l:groepselement>
            </l:Gebiedengroep>
         </ow-dc:owObject>
      </sl:stand>
      <sl:stand>
         <ow-dc:owObject>
            <l:Gebied>
               <l:identificatie>nl.imow-gm0297.gebied.201900000120220120044133</l:identificatie>
               <l:geometrie>
                  <l:GeometrieRef xlink:href="70dcda34-2dab-4b06-8db7-e310ef01436a"/>
               </l:geometrie>
            </l:Gebied>
         </ow-dc:owObject>
      </sl:stand>
      <sl:stand>
         <ow-dc:owObject>
            <l:Gebiedengroep>
               <l:identificatie>nl.imow-gm0297.gebiedengroep.zoneA20220120044133</l:identificatie>
               <l:noemer>zone A</l:noemer>
               <l:groepselement>
                  <l:GebiedRef xlink:href="nl.imow-gm0297.gebied.201900000220220120044133"/>
               </l:groepselement>
            </l:Gebiedengroep>
         </ow-dc:owObject>
      </sl:stand>
      <sl:stand>
         <ow-dc:owObject>
            <l:Gebied>
               <l:identificatie>nl.imow-gm0297.gebied.201900000220220120044133</l:identificatie>
               <l:geometrie>
                  <l:GeometrieRef xlink:href="44843e4d-00a6-4300-aa5c-da1e6211b6b0"/>
               </l:geometrie>
            </l:Gebied>
         </ow-dc:owObject>
      </sl:stand>
      <sl:stand>
         <ow-dc:owObject>
            <l:Gebiedengroep>
               <l:identificatie>nl.imow-gm0297.gebiedengroep.zoneB20220120044133</l:identificatie>
               <l:noemer>zone B</l:noemer>
               <l:groepselement>
                  <l:GebiedRef xlink:href="nl.imow-gm0297.gebied.201900000320220120044133"/>
               </l:groepselement>
            </l:Gebiedengroep>
         </ow-dc:owObject>
      </sl:stand>
      <sl:stand>
         <ow-dc:owObject>
            <l:Gebied>
               <l:identificatie>nl.imow-gm0297.gebied.201900000320220120044133</l:identificatie>
               <l:geometrie>
                  <l:GeometrieRef xlink:href="96083b78-1da4-464f-a0b0-78f46424ed3d"/>
               </l:geometrie>
            </l:Gebied>
         </ow-dc:owObject>
      </sl:stand>
      <sl:stand>
         <ow-dc:owObject>
            <l:Gebiedengroep>
               <l:identificatie>nl.imow-gm0297.gebiedengroep.centrumgebied20220120044133</l:identificatie>
               <l:noemer>Centrumgebied</l:noemer>
               <l:groepselement>
                  <l:GebiedRef xlink:href="nl.imow-gm0297.gebied.201900000420220120044133"/>
               </l:groepselement>
            </l:Gebiedengroep>
         </ow-dc:owObject>
      </sl:stand>
      <sl:stand>
         <ow-dc:owObject>
            <l:Gebied>
               <l:identificatie>nl.imow-gm0297.gebied.201900000420220120044133</l:identificatie>
               <l:geometrie>
                  <l:GeometrieRef xlink:href="aaba07c4-7e0d-4709-8218-3c766c547dad"/>
               </l:geometrie>
            </l:Gebied>
         </ow-dc:owObject>
      </sl:stand>
      <sl:stand>
         <ow-dc:owObject>
            <l:Gebiedengroep>
               <l:identificatie>nl.imow-gm0297.gebiedengroep.speelhal20220120044133</l:identificatie>
               <l:noemer>exploiteren speelautomatenhal</l:noemer>
               <l:groepselement>
                  <l:GebiedRef xlink:href="nl.imow-gm0297.gebied.201900000720220120044133"/>
               </l:groepselement>
            </l:Gebiedengroep>
         </ow-dc:owObject>
      </sl:stand>
      <sl:stand>
         <ow-dc:owObject>
            <l:Gebied>
               <l:identificatie>nl.imow-gm0297.gebied.201900000720220120044133</l:identificatie>
               <l:geometrie>
                  <l:GeometrieRef xlink:href="d4826ac1-4d38-4657-995a-02b1f856b129"/>
               </l:geometrie>
            </l:Gebied>
         </ow-dc:owObject>
      </sl:stand>
      <sl:stand>
         <ow-dc:owObject>
            <l:Gebied>
               <l:identificatie>nl.imow-gm0297.gebied.201900000820220120044133</l:identificatie>
               <l:noemer>Zuilichem industriegebied 1</l:noemer>
               <l:geometrie>
                  <l:GeometrieRef xlink:href="1217e7aa-1c7d-44f0-9d88-17ca715afacc"/>
               </l:geometrie>
            </l:Gebied>
         </ow-dc:owObject>
      </sl:stand>
      <sl:stand>
         <ow-dc:owObject>
            <l:Gebied>
               <l:identificatie>nl.imow-gm0297.gebied.201900000920220120044133</l:identificatie>
               <l:noemer>Zuilichem industriegebied 2</l:noemer>
               <l:geometrie>
                  <l:GeometrieRef xlink:href="0ee49375-865d-418b-bf37-5dba0159985b"/>
               </l:geometrie>
            </l:Gebied>
         </ow-dc:owObject>
      </sl:stand>
      <sl:stand>
         <ow-dc:owObject>
            <l:Gebied>
               <l:identificatie>nl.imow-gm0297.gebied.201900001020220120044133</l:identificatie>
               <l:noemer>Zuilichem industriegebied 3</l:noemer>
               <l:geometrie>
                  <l:GeometrieRef xlink:href="867c3f2a-fc41-4343-ad49-b4f1c6ac866f"/>
               </l:geometrie>
            </l:Gebied>
         </ow-dc:owObject>
      </sl:stand>
      <sl:stand>
         <ow-dc:owObject>
            <l:Gebied>
               <l:identificatie>nl.imow-gm0297.gebied.201900001320220120044133</l:identificatie>
               <l:noemer>Zuilichem industriegebied 4</l:noemer>
               <l:geometrie>
                  <l:GeometrieRef xlink:href="1d669f45-83bd-437a-8b51-736d9737f8a4"/>
               </l:geometrie>
            </l:Gebied>
         </ow-dc:owObject>
      </sl:stand>
      <sl:stand>
         <ow-dc:owObject>
            <l:Gebiedengroep>
               <l:identificatie>nl.imow-gm0297.gebiedengroep.zuilichem20220120044133</l:identificatie>
               <l:noemer>Zuilichem</l:noemer>
               <l:groepselement>
                  <l:GebiedRef xlink:href="nl.imow-gm0297.gebied.201900001120220120044133"/>
               </l:groepselement>
            </l:Gebiedengroep>
         </ow-dc:owObject>
      </sl:stand>
      <sl:stand>
         <ow-dc:owObject>
            <l:Gebied>
               <l:identificatie>nl.imow-gm0297.gebied.201900001120220120044133</l:identificatie>
               <l:geometrie>
                  <l:GeometrieRef xlink:href="7c87e0ce-2e93-4579-b1a3-5fc914b68ec4"/>
               </l:geometrie>
            </l:Gebied>
         </ow-dc:owObject>
      </sl:stand>
      <sl:stand>
         <ow-dc:owObject>
            <l:Gebied>
               <l:identificatie>nl.imow-gm0297.gebied.201900001420220120044133</l:identificatie>
               <l:geometrie>
                  <l:GeometrieRef xlink:href="bb2118ca-c406-4e1f-9fcf-3ebf7e102a31"/>
               </l:geometrie>
            </l:Gebied>
         </ow-dc:owObject>
      </sl:stand>
      <sl:stand>
         <ow-dc:owObject>
            <l:Gebied>
               <l:identificatie>nl.imow-gm0297.gebied.201900001520220120044133</l:identificatie>
               <l:geometrie>
                  <l:GeometrieRef xlink:href="b6be83a7-00be-4a98-bfcc-4591c705c647"/>
               </l:geometrie>
            </l:Gebied>
         </ow-dc:owObject>
      </sl:stand>
      <sl:stand>
         <ow-dc:owObject>
            <l:Gebied>
               <l:identificatie>nl.imow-gm0297.gebied.201900001620220120044133</l:identificatie>
               <l:geometrie>
                  <l:GeometrieRef xlink:href="d15f1cd4-4c7d-406c-b16d-d1b2843aa131"/>
               </l:geometrie>
            </l:Gebied>
         </ow-dc:owObject>
      </sl:stand>
      <!--Ambtsgebied nieuw-->
   </sl:standBestand>
</ow-dc:owBestand>
