<?xml version="1.0" encoding="utf-8"?>
<validatieOpdracht xmlns="http://www.overheid.nl/2017/lvbb">
   <idLevering>id-publicatie-LVBB1506-20210514090659</idLevering>
   <idBevoegdGezag>00000001812579446000</idBevoegdGezag>
   <idAanleveraar>00000003560458830000</idAanleveraar>
   <!-- FOUT: LVBB1506	Het publicatiebestand, waarvan de naam in de opdracht is vermeld, moet aanwezig zijn -->
   <publicatie>akn_nl_bill_gm0297-3520-01_FOUT.xml</publicatie>
   <datumBekendmaking>2021-05-15</datumBekendmaking>
</validatieOpdracht>
