<?xml version="1.0" encoding="utf-8"?>
<Aanleveringen xmlns:xsi="http://www.w3.org/2001/XMLSchema-instance"
               xmlns="http://www.geostandaarden.nl/bestanden-ow/manifest-ow"
               xsi:schemaLocation="http://www.geostandaarden.nl/bestanden-ow/manifest-ow https://register.geostandaarden.nl/xmlschema/tpod/v1.0.3/bestanden-ow/generiek/manifest-ow.xsd">
   <domein>omgevingswet</domein>
   <Aanlevering>
      <manifest-ow:WorkIDRegeling xmlns:manifest-ow="http://www.geostandaarden.nl/bestanden-ow/manifest-ow">/akn/nl/act/gm0297/2019/LVBB5006-20210713013051</manifest-ow:WorkIDRegeling>
      <manifest-ow:DoelID xmlns:manifest-ow="http://www.geostandaarden.nl/bestanden-ow/manifest-ow">/join/id/proces/gm0297/2019/LVBB5006-20210713013051</manifest-ow:DoelID>
   </Aanlevering>
</Aanleveringen>
