<?xml version="1.0" encoding="utf-8"?>
<ow-dc:owBestand xmlns:da="http://www.geostandaarden.nl/imow/datatypenalgemeen"
                 xmlns:ga="http://www.geostandaarden.nl/imow/gebiedsaanwijzing"
                 xmlns:k="http://www.geostandaarden.nl/imow/kaart"
                 xmlns:l="http://www.geostandaarden.nl/imow/locatie"
                 xmlns:ow="http://www.geostandaarden.nl/imow/owobject"
                 xmlns:ow-dc="http://www.geostandaarden.nl/imow/bestanden/deelbestand"
                 xmlns:p="http://www.geostandaarden.nl/imow/pons"
                 xmlns:r="http://www.geostandaarden.nl/imow/regels"
                 xmlns:rol="http://www.geostandaarden.nl/imow/regelsoplocatie"
                 xmlns:sl="http://www.geostandaarden.nl/bestanden-ow/standlevering-generiek"
                 xmlns:vt="http://www.geostandaarden.nl/imow/vrijetekst"
                 xmlns:xlink="http://www.w3.org/1999/xlink"
                 xmlns:xsi="http://www.w3.org/2001/XMLSchema-instance"
                 xsi:schemaLocation="http://www.geostandaarden.nl/imow/bestanden/deelbestand https://register.geostandaarden.nl/xmlschema/tpod/v2.0.0/bestanden-ow/deelbestand-ow/IMOW_Deelbestand.xsd">
   <sl:standBestand>
      <sl:dataset>Gemeentestad</sl:dataset>
      <sl:inhoud>
         <sl:gebied>Gemeentestad</sl:gebied>
         <sl:leveringsId>id-publicatie-OZON-OZON0344-0-20211123122804</sl:leveringsId>
         <sl:objectTypen>
            <sl:objectType>Regeltekst</sl:objectType>
            <sl:objectType>Omgevingswaarderegel</sl:objectType>
            <sl:objectType>Kaart</sl:objectType>
         </sl:objectTypen>
      </sl:inhoud>
      <!-- artikel 2.5 -->
      <sl:stand>
         <ow-dc:owObject>
            <r:Regeltekst wId="gm0297_1__chp_2__subchp_2.1__art_2.1">
               <r:identificatie>nl.imow-gm0297.regeltekst.0000120211123122804</r:identificatie>
            </r:Regeltekst>
         </ow-dc:owObject>
      </sl:stand>
      <sl:stand>
         <ow-dc:owObject>
            <r:Omgevingswaarderegel>
               <r:identificatie>nl.imow-gm0297.juridischeregel.0000120211123122804</r:identificatie>
               <r:idealisatie>http://standaarden.omgevingswet.overheid.nl/idealisatie/id/concept/Exact</r:idealisatie>
               <r:artikelOfLid>
                  <r:RegeltekstRef xlink:href="nl.imow-gm0297.regeltekst.0000120211123122804"/>
               </r:artikelOfLid>
               <r:locatieaanduiding>
                  <l:LocatieRef xlink:href="nl.imow-gm0297.gebied.0000120211123122804"/>
               </r:locatieaanduiding>
               <!-- FOUT OZON 0344	Een omgevingswaarderegel mag niet twee keer verwijzen naar dezelfde kaart. -->
               <r:kaartaanduiding>
                  <k:KaartRef xlink:href="nl.imow-gm0297.kaart.201900000120211123122804"/>
                  <k:KaartRef xlink:href="nl.imow-gm0297.kaart.201900000120211123122804"/>
               </r:kaartaanduiding>
            </r:Omgevingswaarderegel>
         </ow-dc:owObject>
      </sl:stand>
      <sl:stand>
         <ow-dc:owObject>
            <k:Kaart>
               <k:identificatie>nl.imow-gm0297.kaart.201900000120211123122804</k:identificatie>
               <k:naam>Welstandskaart</k:naam>
               <k:nummer>001</k:nummer>
               <k:uitsnede>
                  <k:Kaartextent><!-- schema beperkt het extent tot integers, terwijl voor RD New 3 decimalen is afgesproken? -->
                     <k:minX>134216</k:minX>
                     <k:minY>421753</k:minY>
                     <k:maxX>140251</k:maxX>
                     <k:maxY>426020</k:maxY>
                  </k:Kaartextent>
               </k:uitsnede>
               <k:kaartlagen>
                  <k:Kaartlaag>
                     <k:identificatie>nl.imow-gm0297.kaartlaag.201900000120211123122804</k:identificatie>
                     <k:naam>welstandslaag</k:naam>
                     <k:niveau>1</k:niveau>
                  </k:Kaartlaag>
               </k:kaartlagen>
            </k:Kaart>
         </ow-dc:owObject>
      </sl:stand>
   </sl:standBestand>
</ow-dc:owBestand>
