<?xml version="1.0" encoding="utf-8"?>
<ow-dc:owBestand xmlns:ow-dc="http://www.geostandaarden.nl/imow/bestanden/deelbestand"
                 xmlns:ow="http://www.geostandaarden.nl/imow/owobject"
                 xmlns:da="http://www.geostandaarden.nl/imow/datatypenalgemeen"
                 xmlns:sl="http://www.geostandaarden.nl/bestanden-ow/standlevering-generiek"
                 xmlns:ga="http://www.geostandaarden.nl/imow/gebiedsaanwijzing"
                 xmlns:k="http://www.geostandaarden.nl/imow/kaart"
                 xmlns:l="http://www.geostandaarden.nl/imow/locatie"
                 xmlns:p="http://www.geostandaarden.nl/imow/pons"
                 xmlns:r="http://www.geostandaarden.nl/imow/regels"
                 xmlns:rol="http://www.geostandaarden.nl/imow/regelsoplocatie"
                 xmlns:vt="http://www.geostandaarden.nl/imow/vrijetekst"
                 xmlns:xlink="http://www.w3.org/1999/xlink"
                 xmlns:xsi="http://www.w3.org/2001/XMLSchema-instance"
                 xsi:schemaLocation="http://www.geostandaarden.nl/imow/bestanden/deelbestand https://register.geostandaarden.nl/xmlschema/tpod/v1.0.3/bestanden-ow/deelbestand-ow/IMOW_Deelbestand.xsd">
   <sl:standBestand>
      <sl:dataset>Gemeente Leiden</sl:dataset>
      <sl:inhoud>
         <sl:gebied>Gemeente Leiden</sl:gebied>
         <sl:leveringsId>id-publicatie-OZON0346-20210514103225</sl:leveringsId>
         <sl:objectTypen>
            <sl:objectType>Divisie</sl:objectType>
            <sl:objectType>Tekstdeel</sl:objectType>
            <sl:objectType>Kaart</sl:objectType>
         </sl:objectTypen>
      </sl:inhoud>
      <sl:stand>
         <ow-dc:owObject>
            <vt:Divisie wId="gm0546_1__div_o_1">
               <vt:identificatie>nl.imow-gm0546.divisie.0000120210514103225</vt:identificatie>
            </vt:Divisie>
         </ow-dc:owObject>
      </sl:stand>
      <sl:stand>
         <ow-dc:owObject>
            <vt:Tekstdeel><!-- deze behouden, bevat ook locatie gebied Leiden -->
               <vt:identificatie>nl.imow-gm0546.tekstdeel.0000120210514103225</vt:identificatie>
               <vt:idealisatie>http://standaarden.omgevingswet.overheid.nl/idealisatie/id/concept/Exact</vt:idealisatie>
               <vt:divisieaanduiding>
                  <vt:DivisieRef xlink:href="nl.imow-gm0546.divisie.0000120210514103225"/>
               </vt:divisieaanduiding>
               <vt:hoofdlijnaanduiding>
                  <vt:HoofdlijnRef xlink:href="nl.imow-gm0546.hoofdlijn.0000120210514103225"><!--Visie|Visie Leiden--></vt:HoofdlijnRef>
               </vt:hoofdlijnaanduiding>
               <!-- FOUT: OZON0346	Een tekstdeel mag niet twee keer verwijzen naar dezelfde kaart. -->
               <vt:kaartaanduiding>
                  <k:KaartRef xlink:href="nl.imow-gm0297.kaart.201900000120210514103225"/>
                  <k:KaartRef xlink:href="nl.imow-gm0297.kaart.201900000120210514103225"/>
               </vt:kaartaanduiding>
               <vt:locatieaanduiding>
                  <l:LocatieRef xlink:href="nl.imow-gm0546.gebied.0000120210514103225"/>
               </vt:locatieaanduiding>
            </vt:Tekstdeel>
         </ow-dc:owObject>
      </sl:stand>
      <sl:stand>
         <ow-dc:owObject>
            <k:Kaart>
               <k:identificatie>nl.imow-gm0297.kaart.201900000120210514103225</k:identificatie>
               <k:naam>Welstandskaart</k:naam>
               <k:nummer>001</k:nummer>
               <k:uitsnede>
                  <k:Kaartextent><!-- schema beperkt het extent tot integers, terwijl voor RD New 3 decimalen is afgesproken? -->
                     <k:minX>134216</k:minX>
                     <k:minY>421753</k:minY>
                     <k:maxX>140251</k:maxX>
                     <k:maxY>426020</k:maxY>
                  </k:Kaartextent>
               </k:uitsnede>
               <k:kaartlagen>
                  <k:Kaartlaag>
                     <k:identificatie>nl.imow-gm0297.kaartlaag.201900000120210514103225</k:identificatie>
                     <k:naam>welstandslaag</k:naam>
                     <k:niveau>1</k:niveau>
                  </k:Kaartlaag>
               </k:kaartlagen>
            </k:Kaart>
         </ow-dc:owObject>
      </sl:stand>
   </sl:standBestand>
</ow-dc:owBestand>
