<?xml version="1.0" encoding="utf-8"?>
<ow-dc:owBestand xmlns:da="http://www.geostandaarden.nl/imow/datatypenalgemeen"
                 xmlns:ga="http://www.geostandaarden.nl/imow/gebiedsaanwijzing"
                 xmlns:k="http://www.geostandaarden.nl/imow/kaart"
                 xmlns:l="http://www.geostandaarden.nl/imow/locatie"
                 xmlns:ow="http://www.geostandaarden.nl/imow/owobject"
                 xmlns:ow-dc="http://www.geostandaarden.nl/imow/bestanden/deelbestand"
                 xmlns:p="http://www.geostandaarden.nl/imow/pons"
                 xmlns:r="http://www.geostandaarden.nl/imow/regels"
                 xmlns:rol="http://www.geostandaarden.nl/imow/regelsoplocatie"
                 xmlns:sl="http://www.geostandaarden.nl/bestanden-ow/standlevering-generiek"
                 xmlns:vt="http://www.geostandaarden.nl/imow/vrijetekst"
                 xmlns:xlink="http://www.w3.org/1999/xlink"
                 xmlns:xsi="http://www.w3.org/2001/XMLSchema-instance"
                 xsi:schemaLocation="http://www.geostandaarden.nl/imow/bestanden/deelbestand https://register.geostandaarden.nl/xmlschema/tpod/v2.0.0/bestanden-ow/deelbestand-ow/IMOW_Deelbestand.xsd">
   <sl:standBestand>
      <sl:dataset>Gemeentestad</sl:dataset>
      <sl:inhoud>
         <sl:gebied>Gemeentestad</sl:gebied>
         <sl:leveringsId>id-publicatie-OZON-OZON0069-0-20220120044747</sl:leveringsId>
         <sl:objectTypen>
            <sl:objectType>Gebied</sl:objectType>
            <sl:objectType>Gebiedengroep</sl:objectType>
         </sl:objectTypen>
      </sl:inhoud>
      <sl:stand>
         <ow-dc:owObject>
            <l:Puntengroep>
               <l:identificatie>nl.imow-gm0297.puntengroep.0000120220120044747</l:identificatie>
               <l:groepselement>
                  <l:PuntRef xlink:href="nl.imow-gm0297.punt.0000120220120044747"/>
                  <l:PuntRef xlink:href="nl.imow-gm0297.punt.0000220220120044747"/>
               </l:groepselement>
            </l:Puntengroep>
         </ow-dc:owObject>
      </sl:stand>
      <sl:stand>
         <ow-dc:owObject>
            <l:Punt>
               <l:identificatie>nl.imow-gm0297.punt.0000120220120044747</l:identificatie>
               <l:noemer>punt 1</l:noemer>
               <l:geometrie>
                  <l:GeometrieRef xlink:href="c1eecdc9-141b-45b8-bbd1-609979f021c9"/>
               </l:geometrie>
            </l:Punt>
         </ow-dc:owObject>
      </sl:stand>
      <sl:stand>
         <ow-dc:owObject>
            <l:Punt>
               <l:identificatie>nl.imow-gm0297.punt.0000220220120044747</l:identificatie>
               <l:noemer>punt 2</l:noemer>
               <l:geometrie>
                  <l:GeometrieRef xlink:href="d72c57be-c55b-448e-8c5a-c65c3b72e761"/>
               </l:geometrie>
            </l:Punt>
         </ow-dc:owObject>
      </sl:stand>
      <sl:stand>
         <ow-dc:owObject>
            <l:Lijnengroep>
               <l:identificatie>nl.imow-gm0297.lijnengroep.0000120220120044747</l:identificatie>
               <l:groepselement>
                  <l:LijnRef xlink:href="nl.imow-gm0297.lijn.0000120220120044747"/>
                  <l:LijnRef xlink:href="nl.imow-gm0297.lijn.0000220220120044747"/>
               </l:groepselement>
            </l:Lijnengroep>
         </ow-dc:owObject>
      </sl:stand>
      <sl:stand>
         <ow-dc:owObject>
            <l:Lijn>
               <l:identificatie>nl.imow-gm0297.lijn.0000120220120044747</l:identificatie>
               <l:noemer>lijn 1</l:noemer>
               <l:geometrie>
                  <l:GeometrieRef xlink:href="09ee3ca5-2b21-4e7c-98da-2e13738bd7b5"/>
               </l:geometrie>
            </l:Lijn>
         </ow-dc:owObject>
      </sl:stand>
      <sl:stand>
         <ow-dc:owObject>
            <l:Lijn>
               <l:identificatie>nl.imow-gm0297.lijn.0000220220120044747</l:identificatie>
               <l:noemer>lijn 2</l:noemer>
               <l:geometrie>
                  <l:GeometrieRef xlink:href="e526036d-3394-4751-85b8-86ffaea4f33b"/>
               </l:geometrie>
            </l:Lijn>
         </ow-dc:owObject>
      </sl:stand>
      <sl:stand>
         <ow-dc:owObject>
            <l:Gebiedengroep>
               <l:identificatie>nl.imow-gm0297.gebiedengroep.0000120220120044747</l:identificatie>
               <l:groepselement>
                  <l:GebiedRef xlink:href="nl.imow-gm0297.gebied.0000120220120044747"/>
                  <l:GebiedRef xlink:href="nl.imow-gm0297.gebied.0000220220120044747"/>
               </l:groepselement>
            </l:Gebiedengroep>
         </ow-dc:owObject>
      </sl:stand>
      <sl:stand>
         <ow-dc:owObject>
            <l:Gebied>
               <l:identificatie>nl.imow-gm0297.gebied.0000120220120044747</l:identificatie>
               <l:noemer>Goed gebied 1</l:noemer>
               <l:geometrie>
                  <l:GeometrieRef xlink:href="47a8da7a-1ed2-41e6-9394-090a4edf2977"/>
               </l:geometrie>
            </l:Gebied>
         </ow-dc:owObject>
      </sl:stand>
      <sl:stand>
         <ow-dc:owObject>
            <l:Gebied>
               <l:identificatie>nl.imow-gm0297.gebied.0000220220120044747</l:identificatie>
               <l:noemer>Goed gebied 2</l:noemer>
               <l:geometrie>
                  <l:GeometrieRef xlink:href="c23269cc-b8f1-46af-9f9e-2bdc52369554"/>
               </l:geometrie>
            </l:Gebied>
         </ow-dc:owObject>
      </sl:stand>
   </sl:standBestand>
</ow-dc:owBestand>
