<?xml version="1.0" encoding="utf-8"?>
<Aanleveringen xmlns:xsi="http://www.w3.org/2001/XMLSchema-instance"
               xmlns="http://www.geostandaarden.nl/bestanden-ow/manifest-ow"
               xsi:schemaLocation="http://www.geostandaarden.nl/bestanden-ow/manifest-ow https://register.geostandaarden.nl/xmlschema/tpod/v2.0.0/bestanden-ow/generiek/manifest-ow.xsd">
   <domein>omgevingswet</domein>
   <Aanlevering>
      <manifest-ow:WorkIDRegeling xmlns:manifest-ow="http://www.geostandaarden.nl/bestanden-ow/manifest-ow">/akn/nl/act/gm0297/2019/GEOMETRY_03_2-10-20210929030203_0</manifest-ow:WorkIDRegeling>
      <manifest-ow:DoelID xmlns:manifest-ow="http://www.geostandaarden.nl/bestanden-ow/manifest-ow">/join/id/proces/gm0297/2019/GEOMETRY_03_2-10-20210929030203</manifest-ow:DoelID>
      <Bestand>
         <naam>owLocaties-Gemeentestad.xml</naam>
         <objecttype>Gebied</objecttype>
      </Bestand>
      <Bestand>
         <naam>owRegeltekst-Gemeentestad.xml</naam>
         <objecttype>Regeltekst</objecttype>
         <objecttype>RegelVoorIedereen</objecttype>
      </Bestand>
      <Bestand>
         <naam>owRegelingsgebied.xml</naam>
         <objecttype>Regelingsgebied</objecttype>
      </Bestand>
   </Aanlevering>
</Aanleveringen>
