<?xml version="1.0" encoding="utf-8"?>
<ow-dc:owBestand xmlns:xsi="http://www.w3.org/2001/XMLSchema-instance"
                 xmlns:xlink="http://www.w3.org/1999/xlink"
                 xmlns:ga="http://www.geostandaarden.nl/imow/gebiedsaanwijzing"
                 xmlns:gml="http://www.opengis.net/gml/3.2"
                 xmlns:l="http://www.geostandaarden.nl/imow/locatie"
                 xmlns:da="http://www.geostandaarden.nl/imow/datatypenalgemeen"
                 xmlns:sl="http://www.geostandaarden.nl/bestanden-ow/standlevering-generiek"
                 xmlns:ow-dc="http://www.geostandaarden.nl/imow/bestanden/deelbestand"
                 xmlns:rol="http://www.geostandaarden.nl/imow/regelsoplocatie"
                 xmlns:r="http://www.geostandaarden.nl/imow/regels"
                 xmlns:ow="http://www.geostandaarden.nl/imow/owobject"
                 xsi:schemaLocation="http://www.geostandaarden.nl/imow/bestanden/deelbestand https://register.geostandaarden.nl/xmlschema/tpod/v2.0.0/bestanden-ow/deelbestand-ow/IMOW_Deelbestand.xsd">
   <sl:standBestand>
      <sl:dataset>Gemeentestad</sl:dataset>
      <sl:inhoud>
         <sl:gebied>Gemeentestad</sl:gebied>
         <sl:leveringsId>abc-20190221-0801-AFBREEK-LVBB7006-0-20210927042738</sl:leveringsId>
         <sl:objectTypen>
            <sl:objectType>Gebied</sl:objectType>
            <sl:objectType>Gebiedengroep</sl:objectType>
         </sl:objectTypen>
      </sl:inhoud>
      <sl:stand>
         <ow-dc:owObject>
            <l:Gebiedengroep>
               <l:identificatie>nl.imow-gm0297.gebiedengroep.Bedrijfcategorie220210927042738</l:identificatie>
               <l:noemer>Bedrijf categorie 2</l:noemer>
               <l:groepselement>
                  <l:GebiedRef xlink:href="nl.imow-gm0297.gebied.201900000120210927042738"/>
               </l:groepselement>
            </l:Gebiedengroep>
         </ow-dc:owObject>
      </sl:stand>
      <sl:stand>
         <ow-dc:owObject>
            <l:Gebied>
               <l:identificatie>nl.imow-gm0297.gebied.201900000120210927042738</l:identificatie>
               <l:geometrie>
                  <l:GeometrieRef xlink:href="c447864c-b52e-458d-8794-99c8acec2114"/>
               </l:geometrie>
            </l:Gebied>
         </ow-dc:owObject>
      </sl:stand>
      <sl:stand>
         <ow-dc:owObject>
            <l:Gebiedengroep>
               <l:identificatie>nl.imow-gm0297.gebiedengroep.zoneA20210927042738</l:identificatie>
               <l:noemer>zone A</l:noemer>
               <l:groepselement>
                  <l:GebiedRef xlink:href="nl.imow-gm0297.gebied.201900000220210927042738"/>
               </l:groepselement>
            </l:Gebiedengroep>
         </ow-dc:owObject>
      </sl:stand>
      <sl:stand>
         <ow-dc:owObject>
            <l:Gebied>
               <l:identificatie>nl.imow-gm0297.gebied.201900000220210927042738</l:identificatie>
               <l:geometrie>
                  <l:GeometrieRef xlink:href="e28bf934-f039-46bd-bafd-61d6d8fe9853"/>
               </l:geometrie>
            </l:Gebied>
         </ow-dc:owObject>
      </sl:stand>
      <sl:stand>
         <ow-dc:owObject>
            <l:Gebiedengroep>
               <l:identificatie>nl.imow-gm0297.gebiedengroep.zoneB20210927042738</l:identificatie>
               <l:noemer>zone B</l:noemer>
               <l:groepselement>
                  <l:GebiedRef xlink:href="nl.imow-gm0297.gebied.201900000320210927042738"/>
               </l:groepselement>
            </l:Gebiedengroep>
         </ow-dc:owObject>
      </sl:stand>
      <sl:stand>
         <ow-dc:owObject>
            <l:Gebied>
               <l:identificatie>nl.imow-gm0297.gebied.201900000320210927042738</l:identificatie>
               <l:geometrie>
                  <l:GeometrieRef xlink:href="1c551d06-6d59-43e9-8378-5c7179046803"/>
               </l:geometrie>
            </l:Gebied>
         </ow-dc:owObject>
      </sl:stand>
      <sl:stand>
         <ow-dc:owObject>
            <l:Gebiedengroep>
               <l:identificatie>nl.imow-gm0297.gebiedengroep.centrumgebied20210927042738</l:identificatie>
               <l:noemer>Centrumgebied</l:noemer>
               <l:groepselement>
                  <l:GebiedRef xlink:href="nl.imow-gm0297.gebied.201900000420210927042738"/>
               </l:groepselement>
            </l:Gebiedengroep>
         </ow-dc:owObject>
      </sl:stand>
      <sl:stand>
         <ow-dc:owObject>
            <l:Gebied>
               <l:identificatie>nl.imow-gm0297.gebied.201900000420210927042738</l:identificatie>
               <l:geometrie>
                  <l:GeometrieRef xlink:href="5ff72559-bf28-4055-aeba-1c693e9c7617"/>
               </l:geometrie>
            </l:Gebied>
         </ow-dc:owObject>
      </sl:stand>
      <sl:stand>
         <ow-dc:owObject>
            <l:Gebiedengroep>
               <l:identificatie>nl.imow-gm0297.gebiedengroep.speelhal20210927042738</l:identificatie>
               <l:noemer>exploiteren speelautomatenhal</l:noemer>
               <l:groepselement>
                  <l:GebiedRef xlink:href="nl.imow-gm0297.gebied.201900000720210927042738"/>
               </l:groepselement>
            </l:Gebiedengroep>
         </ow-dc:owObject>
      </sl:stand>
      <sl:stand>
         <ow-dc:owObject>
            <l:Gebied>
               <l:identificatie>nl.imow-gm0297.gebied.201900000720210927042738</l:identificatie>
               <l:geometrie>
                  <l:GeometrieRef xlink:href="c50c4d6b-ae4f-48eb-8c32-7420cb61eaf0"/>
               </l:geometrie>
            </l:Gebied>
         </ow-dc:owObject>
      </sl:stand>
      <sl:stand>
         <ow-dc:owObject>
            <l:Gebied>
               <l:identificatie>nl.imow-gm0297.gebied.201900000820210927042738</l:identificatie>
               <l:noemer>Zuilichem industriegebied 1</l:noemer>
               <l:geometrie>
                  <l:GeometrieRef xlink:href="84cd7b7f-651c-4abe-965e-49dba31d88c9"/>
               </l:geometrie>
            </l:Gebied>
         </ow-dc:owObject>
      </sl:stand>
      <sl:stand>
         <ow-dc:owObject>
            <l:Gebied>
               <l:identificatie>nl.imow-gm0297.gebied.201900000920210927042738</l:identificatie>
               <l:noemer>Zuilichem industriegebied 2</l:noemer>
               <l:geometrie>
                  <l:GeometrieRef xlink:href="5e47eb99-33dd-4c51-b7ab-7844d87c08fe"/>
               </l:geometrie>
            </l:Gebied>
         </ow-dc:owObject>
      </sl:stand>
      <sl:stand>
         <ow-dc:owObject>
            <l:Gebied>
               <l:identificatie>nl.imow-gm0297.gebied.201900001020210927042738</l:identificatie>
               <l:noemer>Zuilichem industriegebied 3</l:noemer>
               <l:geometrie>
                  <l:GeometrieRef xlink:href="4f57a4bf-8ebf-4007-b695-967d92ad588a"/>
               </l:geometrie>
            </l:Gebied>
         </ow-dc:owObject>
      </sl:stand>
      <sl:stand>
         <ow-dc:owObject>
            <l:Gebied>
               <l:identificatie>nl.imow-gm0297.gebied.201900001320210927042738</l:identificatie>
               <l:noemer>Zuilichem industriegebied 4</l:noemer>
               <l:geometrie>
                  <l:GeometrieRef xlink:href="7640be41-ae82-4a1f-a687-5d4e14d3fd20"/>
               </l:geometrie>
            </l:Gebied>
         </ow-dc:owObject>
      </sl:stand>
      <sl:stand>
         <ow-dc:owObject>
            <l:Gebiedengroep>
               <l:identificatie>nl.imow-gm0297.gebiedengroep.zuilichem20210927042738</l:identificatie>
               <l:noemer>Zuilichem</l:noemer>
               <l:groepselement>
                  <l:GebiedRef xlink:href="nl.imow-gm0297.gebied.201900001120210927042738"/>
               </l:groepselement>
            </l:Gebiedengroep>
         </ow-dc:owObject>
      </sl:stand>
      <sl:stand>
         <ow-dc:owObject>
            <l:Gebied>
               <l:identificatie>nl.imow-gm0297.gebied.201900001120210927042738</l:identificatie>
               <l:geometrie>
                  <l:GeometrieRef xlink:href="5a3a5bc9-2000-45b7-acf8-f5805bd7cf4d"/>
               </l:geometrie>
            </l:Gebied>
         </ow-dc:owObject>
      </sl:stand>
      <sl:stand>
         <ow-dc:owObject>
            <l:Gebied>
               <l:identificatie>nl.imow-gm0297.gebied.201900001420210927042738</l:identificatie>
               <l:geometrie>
                  <l:GeometrieRef xlink:href="0fccbb74-5b97-4ef7-90f3-40ebb0e25e88"/>
               </l:geometrie>
            </l:Gebied>
         </ow-dc:owObject>
      </sl:stand>
      <sl:stand>
         <ow-dc:owObject>
            <l:Gebied>
               <l:identificatie>nl.imow-gm0297.gebied.201900001520210927042738</l:identificatie>
               <l:geometrie>
                  <l:GeometrieRef xlink:href="e72317e0-5eb1-4f62-bc25-77f6b411362f"/>
               </l:geometrie>
            </l:Gebied>
         </ow-dc:owObject>
      </sl:stand>
      <sl:stand>
         <ow-dc:owObject>
            <l:Gebied>
               <l:identificatie>nl.imow-gm0297.gebied.201900001620210927042738</l:identificatie>
               <l:geometrie>
                  <l:GeometrieRef xlink:href="017058b9-1ae9-4897-81f0-d26d3b3419fd"/>
               </l:geometrie>
            </l:Gebied>
         </ow-dc:owObject>
      </sl:stand>
      <!--Ambtsgebied nieuw-->
   </sl:standBestand>
</ow-dc:owBestand>
