<?xml version="1.0" encoding="utf-8"?>
<Aanleveringen xmlns:xsi="http://www.w3.org/2001/XMLSchema-instance"
               xmlns="http://www.geostandaarden.nl/bestanden-ow/manifest-ow"
               xsi:schemaLocation="http://www.geostandaarden.nl/bestanden-ow/manifest-ow https://register.geostandaarden.nl/xmlschema/tpod/v1.0.3/bestanden-ow/generiek/manifest-ow.xsd">
   <domein>omgevingswet</domein>
   <Aanlevering>
      <manifest-ow:WorkIDRegeling xmlns:manifest-ow="http://www.geostandaarden.nl/bestanden-ow/manifest-ow">/akn/nl/act/gm0546/2020/OZON0120-OZON0120-20210617125855</manifest-ow:WorkIDRegeling>
      <manifest-ow:DoelID xmlns:manifest-ow="http://www.geostandaarden.nl/bestanden-ow/manifest-ow">/join/id/proces/gm0546/2020/OZON0120-20210617125855</manifest-ow:DoelID>
      <Bestand>
         <naam>owDivisie.xml</naam>
         <objecttype>Divisie</objecttype>
         <objecttype>Tekstdeel</objecttype>
      </Bestand>
      <Bestand>
         <naam>owHoofdlijn.xml</naam>
         <objecttype>Hoofdlijn</objecttype>
      </Bestand>
      <Bestand>
         <naam>owLocatie.xml</naam>
         <objecttype>Gebied</objecttype>
      </Bestand>
      <Bestand>
         <naam>owRegelingsgebied.xml</naam>
         <objecttype>Regelingsgebied</objecttype>
      </Bestand>
   </Aanlevering>
</Aanleveringen>
