<?xml version="1.0" encoding="UTF-8"?>
<AanleveringInformatieObject xmlns:xsi="http://www.w3.org/2001/XMLSchema-instance" xmlns="https://standaarden.overheid.nl/lvbb/stop/aanlevering/" schemaversie="1.0.3"	
  xsi:schemaLocation="https://standaarden.overheid.nl/lvbb/stop/aanlevering/
  ../../lvbb/lvbb-stop-aanlevering.xsd">
  <InformatieObjectVersie>
    <ExpressionIdentificatie xmlns="https://standaarden.overheid.nl/stop/imop/data/">
      <FRBRWork>/join/id/regdata/gm0297/2019/GoedeGebieden</FRBRWork>
      <FRBRExpression>/join/id/regdata/gm0297/2019/GoedeGebieden/nld@2019-06-18;3520</FRBRExpression>
      <soortWork>/join/id/stop/work_010</soortWork>
    </ExpressionIdentificatie>
    <InformatieObjectVersieMetadata xmlns="https://standaarden.overheid.nl/stop/imop/data/">
      <heeftBestanden>
        <heeftBestand>
          <Bestand>
            <bestandsnaam>GoedeGebieden2.gml</bestandsnaam>
<hash>20870a5dbd062df8f925f93895808b64b2504235687c96a2f2bfbeacb28f062e1989dcd97eac9a5bfd3fda6c7eab1e00212dc221c621036d876d92f9d48b3a37</hash>
          </Bestand>
        </heeftBestand>
      </heeftBestanden>
<heeftGeboorteregeling>/akn/nl/act/gm0297/2019/LVBB3509181</heeftGeboorteregeling>
    </InformatieObjectVersieMetadata>
    <InformatieObjectMetadata xmlns="https://standaarden.overheid.nl/stop/imop/data/">
      <eindverantwoordelijke>/tooi/id/gemeente/gm0297</eindverantwoordelijke>
      <maker>/tooi/id/gemeente/gm0297</maker>
      <alternatieveTitels>
        <alternatieveTitel>GoedeGebieden</alternatieveTitel>
      </alternatieveTitels>
      <officieleTitel>/join/id/regdata/gm0297/2019/GoedeGebieden</officieleTitel>
      <publicatieinstructie>TeConsolideren</publicatieinstructie>
      <formaatInformatieobject>/join/id/stop/informatieobject/gio_002</formaatInformatieobject>
      <naamInformatieObject>GoedeGebieden</naamInformatieObject>
    </InformatieObjectMetadata>
  </InformatieObjectVersie>
</AanleveringInformatieObject>
