<?xml version="1.0" encoding="utf-8"?>
<ow-dc:owBestand xmlns:xsi="http://www.w3.org/2001/XMLSchema-instance"
                 xmlns:xlink="http://www.w3.org/1999/xlink"
                 xmlns:ga="http://www.geostandaarden.nl/imow/gebiedsaanwijzing"
                 xmlns:da="http://www.geostandaarden.nl/imow/datatypenalgemeen"
                 xmlns:sl="http://www.geostandaarden.nl/bestanden-ow/standlevering-generiek"
                 xmlns:ow-dc="http://www.geostandaarden.nl/imow/bestanden/deelbestand"
                 xmlns:ow="http://www.geostandaarden.nl/imow/owobject"
                 xmlns:rol="http://www.geostandaarden.nl/imow/regelsoplocatie"
                 xmlns:l="http://www.geostandaarden.nl/imow/locatie"
                 xmlns:r="http://www.geostandaarden.nl/imow/regels"
                 xmlns:k="http://www.geostandaarden.nl/imow/kaart"
                 xsi:schemaLocation="http://www.geostandaarden.nl/imow/bestanden/deelbestand https://register.geostandaarden.nl/xmlschema/tpod/v1.0.3/bestanden-ow/deelbestand-ow/IMOW_Deelbestand.xsd">
   <sl:standBestand>
      <sl:dataset>Gemeentestad</sl:dataset>
      <sl:inhoud>
         <sl:gebied>Gemeentestad</sl:gebied>
<sl:leveringsId>id-publicatie-LVBB4200_a-28031</sl:leveringsId>
         <sl:objectTypen>
            <sl:objectType>Regeltekst</sl:objectType>
            <sl:objectType>RegelVoorIedereen</sl:objectType>
            <sl:objectType>Omgevingswaarderegel</sl:objectType>
         </sl:objectTypen>
      </sl:inhoud>
      <!-- artikel 2.3 -->
      <sl:stand>
         <ow-dc:owObject>
            <r:Regeltekst wId="gm0297_1__chp_2__subchp_2.2__art_2.3">
               <r:identificatie>nl.imow-gm0297.regeltekst.2019000001</r:identificatie>
            </r:Regeltekst>
         </ow-dc:owObject>
      </sl:stand>
      <sl:stand>
         <ow-dc:owObject>
            <r:RegelVoorIedereen>
               <r:identificatie>nl.imow-gm0297.juridischeregel.2019000001</r:identificatie>
               <r:idealisatie>http://standaarden.omgevingswet.overheid.nl/idealisatie/id/concept/Exact</r:idealisatie>
               <r:artikelOfLid>
                  <r:RegeltekstRef xlink:href="nl.imow-gm0297.regeltekst.2019000001"/>
               </r:artikelOfLid>
               <r:locatieaanduiding>
                  <l:LocatieRef xlink:href="nl.imow-gm0297.gebiedengroep.2019000001"/>
               </r:locatieaanduiding>
               <r:gebiedsaanwijzing>
                  <ga:GebiedsaanwijzingRef xlink:href="nl.imow-gm0297.gebiedsaanwijzing.2019000001"/>
                  <!--Bedrijf categorie 2-->
               </r:gebiedsaanwijzing>
            </r:RegelVoorIedereen>
         </ow-dc:owObject>
      </sl:stand>
      <!-- artikel 2.4 -->
      <sl:stand>
         <ow-dc:owObject>
            <r:Regeltekst wId="gm0297_1__chp_2__subchp_2.2__art_2.4">
               <r:identificatie>nl.imow-gm0297.regeltekst.16147868993345824</r:identificatie>
            </r:Regeltekst>
         </ow-dc:owObject>
      </sl:stand>
      <sl:stand>
         <ow-dc:owObject>
            <r:RegelVoorIedereen>
               <r:identificatie>nl.imow-gm0297.juridischeregel.16147868990592508</r:identificatie>
               <r:idealisatie>http://standaarden.omgevingswet.overheid.nl/idealisatie/id/concept/Exact</r:idealisatie>
               <r:artikelOfLid>
                  <r:RegeltekstRef xlink:href="nl.imow-gm0297.regeltekst.16147868993345824"/>
               </r:artikelOfLid>
               <r:locatieaanduiding>
                  <l:LocatieRef xlink:href="nl.imow-gm0297.gebied.16147868996063547"/>
               </r:locatieaanduiding>
               <r:activiteitaanduiding>
                  <rol:ActiviteitRef xlink:href="nl.imow-gm0297.activiteit.2019000001"/>
                  <!--uitoefenen van bedrijfstypen van categorie 2-->
                  <r:ActiviteitLocatieaanduiding>
                     <r:identificatie>nl.imow-gm0297.activiteitlocatieaanduiding.2019000001</r:identificatie>
                     <r:activiteitregelkwalificatie>http://standaarden.omgevingswet.overheid.nl/activiteitregelkwalificatie/id/concept/Toegestaan</r:activiteitregelkwalificatie>
                     <r:locatieaanduiding>
                        <l:LocatieRef xlink:href="nl.imow-gm0297.gebied.16147868996063547"/>
                     </r:locatieaanduiding>
                  </r:ActiviteitLocatieaanduiding>
               </r:activiteitaanduiding>
            </r:RegelVoorIedereen>
         </ow-dc:owObject>
      </sl:stand>
   </sl:standBestand>
</ow-dc:owBestand>
