<?xml version="1.0" encoding="utf-8"?>
<ow-dc:owBestand xmlns:xsi="http://www.w3.org/2001/XMLSchema-instance"
                 xmlns:xlink="http://www.w3.org/1999/xlink"
                 xmlns:gml="http://www.opengis.net/gml/3.2"
                 xmlns:l="http://www.geostandaarden.nl/imow/locatie"
                 xmlns:ga="http://www.geostandaarden.nl/imow/gebiedsaanwijzing"
                 xmlns:da="http://www.geostandaarden.nl/imow/datatypenalgemeen"
                 xmlns:sl="http://www.geostandaarden.nl/bestanden-ow/standlevering-generiek"
                 xmlns:ow-dc="http://www.geostandaarden.nl/imow/bestanden/deelbestand"
                 xmlns:rol="http://www.geostandaarden.nl/imow/regelsoplocatie"
                 xmlns:r="http://www.geostandaarden.nl/imow/regels"
                 xmlns:ow="http://www.geostandaarden.nl/imow/owobject"
                 xsi:schemaLocation="http://www.geostandaarden.nl/imow/bestanden/deelbestand https://register.geostandaarden.nl/xmlschema/tpod/v2.0.0/bestanden-ow/deelbestand-ow/IMOW_Deelbestand.xsd">
   <sl:standBestand>
      <sl:dataset>Gemeentestad</sl:dataset>
      <sl:inhoud>
         <sl:gebied>Gemeentestad</sl:gebied>
         <sl:leveringsId>abc-20190221-0801-AFBREEK-LVBB4201-0-20210929040144</sl:leveringsId>
         <sl:objectTypen>
            <sl:objectType>Activiteit</sl:objectType>
         </sl:objectTypen>
      </sl:inhoud>
      <!-- artikel 2.4 -->
      <sl:stand>
         <ow-dc:owObject>
            <rol:Activiteit>
               <rol:identificatie>nl.imow-gm0297.activiteit.201900024120210929040144</rol:identificatie>
               <!-- Deze activiteit is voor de 1e keer ontstaan/gecreeerd in artikel 2.4 nl.imow-gm0297.Regeltekst.2019000002 -->
               <rol:naam>uitoefenen van bedrijfstypen van categorie 2</rol:naam>
               <rol:groep>http://standaarden.omgevingswet.overheid.nl/activiteit/id/concept/MilieubelastendeActiviteit</rol:groep>
               <rol:bovenliggendeActiviteit>
                  <rol:ActiviteitRef xlink:href="nl.imow-gm0297.activiteit.ActInOmgevingsplanGem"/>
                  <!-- Deze activiteit is van het rijk en zit daarom niet in dit bestand maar is opgenomen in de Functionele Structuur (versie 9) -->
               </rol:bovenliggendeActiviteit>
            </rol:Activiteit>
         </ow-dc:owObject>
      </sl:stand>
      <sl:stand>
         <ow-dc:owObject>
            <rol:Activiteit>
               <rol:identificatie>nl.imow-gm0297.activiteit.201900024320210929040144</rol:identificatie>
               <rol:naam>aanleggen en instandhouden van nutsvoorzieningen</rol:naam>
               <rol:groep>http://standaarden.omgevingswet.overheid.nl/activiteit/id/concept/BouwactiviteitTechnisch</rol:groep>
               <rol:bovenliggendeActiviteit>
                  <rol:ActiviteitRef xlink:href="nl.imow-gm0297.activiteit.ActInOmgevingsplanGem"/>
               </rol:bovenliggendeActiviteit>
            </rol:Activiteit>
         </ow-dc:owObject>
      </sl:stand>
      <sl:stand>
         <ow-dc:owObject>
            <rol:Activiteit>
               <rol:identificatie>nl.imow-gm0297.activiteit.201900024420210929040144</rol:identificatie>
               <rol:naam>aanleggen en instandhouden van voorzieningen voor de waterhuishouding</rol:naam>
               <rol:groep>http://standaarden.omgevingswet.overheid.nl/activiteit/id/concept/BouwactiviteitTechnisch</rol:groep>
               <rol:bovenliggendeActiviteit>
                  <rol:ActiviteitRef xlink:href="nl.imow-gm0297.activiteit.ActInOmgevingsplanGem"/>
               </rol:bovenliggendeActiviteit>
            </rol:Activiteit>
         </ow-dc:owObject>
      </sl:stand>
      <sl:stand>
         <ow-dc:owObject>
            <rol:Activiteit>
               <rol:identificatie>nl.imow-gm0297.activiteit.201900024520210929040144</rol:identificatie>
               <rol:naam>aanleggen en instandhouden van tuin en/of erf</rol:naam>
               <rol:groep>http://standaarden.omgevingswet.overheid.nl/activiteit/id/concept/BouwactiviteitTechnisch</rol:groep>
               <rol:bovenliggendeActiviteit>
                  <rol:ActiviteitRef xlink:href="nl.imow-gm0297.activiteit.ActInOmgevingsplanGem"/>
               </rol:bovenliggendeActiviteit>
            </rol:Activiteit>
         </ow-dc:owObject>
      </sl:stand>
      <sl:stand>
         <ow-dc:owObject>
            <rol:Activiteit>
               <rol:identificatie>nl.imow-gm0297.activiteit.201900024620210929040144</rol:identificatie>
               <rol:naam>uitoefenen van detailhandel in ter plaatse vervaardigde goederen</rol:naam>
               <rol:groep>http://standaarden.omgevingswet.overheid.nl/activiteit/id/concept/ExploitatieactiviteitDetailhandel</rol:groep>
               <rol:bovenliggendeActiviteit>
                  <rol:ActiviteitRef xlink:href="nl.imow-gm0297.activiteit.ActInOmgevingsplanGem"/>
               </rol:bovenliggendeActiviteit>
            </rol:Activiteit>
         </ow-dc:owObject>
      </sl:stand>
      <!-- artikel 2.5 -->
      <sl:stand>
         <ow-dc:owObject>
            <rol:Activiteit>
               <rol:identificatie>nl.imow-gm0297.activiteit.201900073020210929040144</rol:identificatie>
               <rol:naam>exploiteren van inrichtingen</rol:naam>
               <rol:groep>http://standaarden.omgevingswet.overheid.nl/activiteit/id/concept/ExploitatieactiviteitBedrijf</rol:groep>
               <rol:bovenliggendeActiviteit>
                  <rol:ActiviteitRef xlink:href="nl.imow-gm0297.activiteit.ActInOmgevingsplanGem"/>
               </rol:bovenliggendeActiviteit>
            </rol:Activiteit>
         </ow-dc:owObject>
      </sl:stand>
      <sl:stand>
         <ow-dc:owObject>
            <rol:Activiteit>
               <rol:identificatie>nl.imow-gm0297.activiteit.201900074020210929040144</rol:identificatie>
               <rol:naam>exploiteren van risicovolle inrichtingen</rol:naam>
               <rol:groep>http://standaarden.omgevingswet.overheid.nl/activiteit/id/concept/ExploitatieactiviteitBedrijf</rol:groep>
               <rol:bovenliggendeActiviteit>
                  <rol:ActiviteitRef xlink:href="nl.imow-gm0297.activiteit.ActInOmgevingsplanGem"/>
               </rol:bovenliggendeActiviteit>
            </rol:Activiteit>
         </ow-dc:owObject>
      </sl:stand>
      <sl:stand>
         <ow-dc:owObject>
            <rol:Activiteit>
               <rol:identificatie>nl.imow-gm0297.activiteit.201900075020210929040144</rol:identificatie>
               <rol:naam>opslagterrein</rol:naam>
               <rol:groep>http://standaarden.omgevingswet.overheid.nl/activiteit/id/concept/Opslagactiviteit</rol:groep>
               <rol:bovenliggendeActiviteit>
                  <rol:ActiviteitRef xlink:href="nl.imow-gm0297.activiteit.ActInOmgevingsplanGem"/>
               </rol:bovenliggendeActiviteit>
            </rol:Activiteit>
         </ow-dc:owObject>
      </sl:stand>
      <!-- artikel 2.6 -->
      <sl:stand>
         <ow-dc:owObject>
            <rol:Activiteit>
               <rol:identificatie>nl.imow-gm0297.activiteit.201900059020210929040144</rol:identificatie>
               <rol:naam>uitoefenen van detailhandel in ter plaatse vervaardigde goederen</rol:naam>
               <rol:groep>http://standaarden.omgevingswet.overheid.nl/activiteit/id/concept/ExploitatieactiviteitDetailhandel</rol:groep>
               <rol:bovenliggendeActiviteit>
                  <rol:ActiviteitRef xlink:href="nl.imow-gm0297.activiteit.ActInOmgevingsplanGem"/>
               </rol:bovenliggendeActiviteit>
            </rol:Activiteit>
         </ow-dc:owObject>
      </sl:stand>
      <!-- artikel 2.7 -->
      <sl:stand>
         <ow-dc:owObject>
            <rol:Activiteit>
               <rol:identificatie>nl.imow-gm0297.activiteit.201900054020210929040144</rol:identificatie>
               <rol:naam>exploiteren van een verkooppunt voor motorbrandstoffen niet zijnde lpg</rol:naam>
               <rol:groep>http://standaarden.omgevingswet.overheid.nl/activiteit/id/concept/ExploitatieactiviteitDetailhandel</rol:groep>
               <rol:gerelateerdeActiviteit>
                  <rol:ActiviteitRef xlink:href="nl.imow-gm0297.activiteit.2019000760"/>
               </rol:gerelateerdeActiviteit>
               <rol:bovenliggendeActiviteit>
                  <rol:ActiviteitRef xlink:href="nl.imow-gm0297.activiteit.ActInOmgevingsplanGem"/>
               </rol:bovenliggendeActiviteit>
            </rol:Activiteit>
         </ow-dc:owObject>
      </sl:stand>
      <sl:stand>
         <ow-dc:owObject>
            <rol:Activiteit>
               <rol:identificatie>nl.imow-gm0297.activiteit.201900076020210929040144</rol:identificatie>
               <rol:naam>opslaan van motorbrandstoffen niet zijnde lpg</rol:naam>
               <rol:groep>http://standaarden.omgevingswet.overheid.nl/activiteit/id/concept/Opslagactiviteit</rol:groep>
               <rol:bovenliggendeActiviteit>
                  <rol:ActiviteitRef xlink:href="nl.imow-gm0297.activiteit.ActInOmgevingsplanGem"/>
               </rol:bovenliggendeActiviteit>
            </rol:Activiteit>
         </ow-dc:owObject>
      </sl:stand>
      <!-- artikel 2.10 -->
      <!-- GW: Alleen de activiteit 'exploiteren van een speelautomatenhal' en 'exploiteren van een kantoor' zijn opgenomen. -->
      <sl:stand>
         <ow-dc:owObject>
            <rol:Activiteit>
               <rol:identificatie>nl.imow-gm0297.activiteit.201900066020210929040144</rol:identificatie>
               <rol:naam>exploiteren van een speelautomatenhal</rol:naam>
               <rol:groep>http://standaarden.omgevingswet.overheid.nl/activiteit/id/concept/ExploitatieactiviteitHoreca</rol:groep>
               <rol:bovenliggendeActiviteit>
                  <rol:ActiviteitRef xlink:href="nl.imow-gm0297.activiteit.ActInOmgevingsplanGem"/>
               </rol:bovenliggendeActiviteit>
            </rol:Activiteit>
         </ow-dc:owObject>
      </sl:stand>
      <sl:stand>
         <ow-dc:owObject>
            <rol:Activiteit>
               <rol:identificatie>nl.imow-gm0297.activiteit.201900068020210929040144</rol:identificatie>
               <rol:naam>exploiteren van een kantoor</rol:naam>
               <rol:groep>http://standaarden.omgevingswet.overheid.nl/activiteit/id/concept/ExploitatieactiviteitKantoor</rol:groep>
               <rol:bovenliggendeActiviteit>
                  <rol:ActiviteitRef xlink:href="nl.imow-gm0297.activiteit.ActInOmgevingsplanGem"/>
               </rol:bovenliggendeActiviteit>
            </rol:Activiteit>
         </ow-dc:owObject>
      </sl:stand>
      <!-- artikel 2.11 -->
      <sl:stand>
         <ow-dc:owObject>
            <rol:Activiteit>
               <rol:identificatie>nl.imow-gm0297.activiteit.201900053020210929040144</rol:identificatie>
               <rol:naam>wonen in een bedrijfswoning</rol:naam>
               <rol:groep>http://standaarden.omgevingswet.overheid.nl/activiteit/id/concept/Woonactiviteit</rol:groep>
               <rol:bovenliggendeActiviteit>
                  <rol:ActiviteitRef xlink:href="nl.imow-gm0297.activiteit.ActInOmgevingsplanGem"/>
               </rol:bovenliggendeActiviteit>
            </rol:Activiteit>
         </ow-dc:owObject>
      </sl:stand>
      <sl:stand>
         <ow-dc:owObject>
            <rol:Activiteit>
               <rol:identificatie>nl.imow-gm0297.activiteit.201900080020210929040144</rol:identificatie>
               <rol:naam>bouwen van een bijgebouw</rol:naam>
               <rol:groep>http://standaarden.omgevingswet.overheid.nl/activiteit/id/concept/BouwactiviteitRuimtelijk</rol:groep>
               <rol:bovenliggendeActiviteit>
                  <rol:ActiviteitRef xlink:href="nl.imow-gm0297.activiteit.BouwwerkBouwen"/>
               </rol:bovenliggendeActiviteit>
            </rol:Activiteit>
         </ow-dc:owObject>
      </sl:stand>
      <sl:stand>
         <ow-dc:owObject>
            <rol:Activiteit>
               <rol:identificatie>nl.imow-gm0297.activiteit.201900081020210929040144</rol:identificatie>
               <rol:naam>boom kappen</rol:naam>
               <rol:groep>http://standaarden.omgevingswet.overheid.nl/activiteit/id/concept/Kapactiviteit</rol:groep>
               <rol:bovenliggendeActiviteit>
                  <rol:ActiviteitRef xlink:href="nl.imow-gm0297.activiteit.ActInOmgevingsplanGem"/>
               </rol:bovenliggendeActiviteit>
            </rol:Activiteit>
         </ow-dc:owObject>
      </sl:stand>
   </sl:standBestand>
</ow-dc:owBestand>
