<?xml version="1.0" encoding="UTF-8"?>
<AanleveringGIO 
    xmlns="https://standaarden.overheid.nl/lvbb/DSO-PI12"
    xmlns:data="https://standaarden.overheid.nl/stop/imop/data/"
    xmlns:lvbb="http://standaarden.overheid.nl/lvbb/stop/"
    xmlns:xlink="http://www.w3.org/1999/xlink"
    xmlns:uit="https://standaarden.overheid.nl/lvbb/DSO-PI12" schemaversie="0.98.4"
    xmlns:gml="http://www.opengis.net/gml/3.2">
    <InformatieObjectVersie>
        <ExpressionIdentificatie xmlns="https://standaarden.overheid.nl/stop/imop/data/">
            <FRBRWork>/join/id/regdata/mnre1034/2019/GIO_defensie_radarverstoringsgebied_windturbines_Twente</FRBRWork>
            <FRBRExpression>/join/id/regdata/mnre1034/2019/GIO_defensie_radarverstoringsgebied_windturbines_Twente/nld@2019-12-01</FRBRExpression>
            <soortWork>/join/id/stop/work_007</soortWork>
        </ExpressionIdentificatie>
        <InformatieObjectMetadata xmlns="https://standaarden.overheid.nl/stop/imop/data/">
            <eindverantwoordelijke>/join/id/stop/ministerie/mnre1034</eindverantwoordelijke>
            <maker>/join/id/stop/ministerie/mnre1034</maker>
            <noemer>defensie_radarverstoringsgebied_windturbines_Twente</noemer>
            <officieleTitel>defensie_radarverstoringsgebied_windturbines_Twente</officieleTitel>
            <publicatieinstructie>TeConsolideren</publicatieinstructie>
            <soortInformatieobject>/join/id/stop/informatieobject/gio_001</soortInformatieobject>
            <!-- Koppeling naar het gml-bestand -->
            <heeftBestanden>
                <heeftBestand>
                    <Bestand>
                        <bestandsnaam>defensie_radarverstoringsgebied_windturbines_Twente.gml</bestandsnaam>
                        <!-- <https://www.gnu.org/software/coreutils/ -->
                        <!--  SHA512 (512-bit) checksums: The sums are computed as described in FIPS-180-2. -->
                        <hash>043f1698f7f66ea3d369ab3150e4156097787844e44a51618407564a0d26d6759d9ac1a2ec21e315e579f79fc413cca3ba26332e0e327d1bfe86aed63b795576</hash>
                    </Bestand>
                </heeftBestand>
            </heeftBestanden>
        </InformatieObjectMetadata>
        <GeoInformatie xmlns="https://standaarden.overheid.nl/stop/imop/geo/">
            <featureMember>
                <Locatie xmlns:gml="http://www.opengis.net/gml/3.2"
                    gml:id="defensie_radarverstoringsgebied_windturbines_Twente_1">
                    <wId>defensie_radarverstoringsgebied_windturbines_Twente_1</wId>
                    <geometrie xmlns:xlink="http://www.w3.org/1999/xlink"
                        xlink:href="defensie_radarverstoringsgebied_windturbines_Twente.gml#3a480730-9723-4825-b7cb-944a50e0001"
                    />
                </Locatie>
            </featureMember>
        </GeoInformatie>
        <Achtergrond xmlns="https://standaarden.overheid.nl/stop/imop/data/">
            <bronactualiteit>2019-01-01</bronactualiteit>
            <bronbeschrijving>top10nl</bronbeschrijving>
            <brontype>achtergrond</brontype>
            <nauwkeurigheid>10</nauwkeurigheid>
        </Achtergrond>
    </InformatieObjectVersie>
</AanleveringGIO>
