<?xml version="1.0" encoding="UTF-8"?>
<ow-dc:owBestand xmlns:ow-dc="http://www.geostandaarden.nl/imow/bestanden/deelbestand"
	xmlns:ow="http://www.geostandaarden.nl/imow/owobject"
	xmlns:da="http://www.geostandaarden.nl/imow/datatypenalgemeen"
	xmlns:sl="http://www.geostandaarden.nl/bestanden-ow/standlevering-generiek"
	xmlns:ga="http://www.geostandaarden.nl/imow/gebiedsaanwijzing"
	xmlns:k="http://www.geostandaarden.nl/imow/kaart"
	xmlns:l="http://www.geostandaarden.nl/imow/locatie"
	xmlns:p="http://www.geostandaarden.nl/imow/pons"
	xmlns:r="http://www.geostandaarden.nl/imow/regels"
	xmlns:rol="http://www.geostandaarden.nl/imow/regelsoplocatie"
	xmlns:vt="http://www.geostandaarden.nl/imow/vrijetekst"
	xmlns:xlink="http://www.w3.org/1999/xlink"
	xmlns:xsi="http://www.w3.org/2001/XMLSchema-instance"
	xsi:schemaLocation="http://www.geostandaarden.nl/imow/bestanden/deelbestand https://register.geostandaarden.nl/xmlschema/tpod/v1.0.3/bestanden-ow/deelbestand-ow/IMOW_Deelbestand.xsd">
	<sl:standBestand>
		<sl:dataset>Omgevingsregeling_201912011101001</sl:dataset>
		<sl:inhoud>
			<sl:gebied>[onbekend]</sl:gebied>
			<sl:leveringsId>201912011101</sl:leveringsId>
			<sl:objectTypen>
				<sl:objectType>Omgevingswaarde</sl:objectType>
				<sl:objectType>Omgevingsnorm</sl:objectType>
			</sl:objectTypen>
		</sl:inhoud>
		<!-- OZON0030 Er moet een Omgevingswaarderegel zijn die verwijst naar de Omgevingswaarde. -->
		<!-- OZON0075 Het veld Omgevingswaarde.groep moet een waarde bevatten uit de waardelijst Omgevingswaardegroep. -->
		<!-- OZON0114 Het veld Omgevingswaarde.type moet een waarde bevatten uit de waardelijst TypeNorm. -->
		<!-- OZON0116 Het veld Omgevingswaarde.eenheid moet een waarde bevatten uit de waardelijst Eenheid. -->
		<sl:stand>
			<ow-dc:owObject>
				<rol:Omgevingswaarde>
					<rol:identificatie>nl.imow-gm0037.omgevingswaarde.201900002</rol:identificatie>
					<rol:naam>abc</rol:naam>
					<rol:type>http://standaarden.omgevingswet.overheid.nl/id/waardelijst/NietInWaardelijst</rol:type>
					<rol:eenheid>http://standaarden.omgevingswet.overheid.nl/id/waardelijst/NietInWaardelijst</rol:eenheid>
					<rol:normwaarde>
						<rol:Normwaarde>
							<rol:identificatie>nl.imow-gm0037.normwaarde.201900002</rol:identificatie>
							<rol:waardeInRegeltekst>waarde staat in regeltekst</rol:waardeInRegeltekst>
							<rol:locatieaanduiding>
								<l:LocatieRef xlink:href="nl.imow-gm0037.gebied.2019000008"/>
							</rol:locatieaanduiding>
						</rol:Normwaarde>
					</rol:normwaarde>
					<rol:groep>http://standaarden.omgevingswet.overheid.nl/id/waardelijst/NietInWaardeLijst</rol:groep>
				</rol:Omgevingswaarde>
			</ow-dc:owObject>
		</sl:stand>
		<!-- OZON0097 (TPOD1650) Iedere Normwaarde moet ofwel een kwalitatieve, ofwel een kwantitatieve waarde hebben. -->
		<!-- OZON0101 Een Normwaarde moet verwijzen naar een locatie die bestaat. -->
		<sl:stand>
			<ow-dc:owObject>
				<rol:Omgevingsnorm>
					<rol:identificatie>nl.imow-gm0037.omgevingsnorm.201900007</rol:identificatie>
					<rol:naam>abc</rol:naam>
					<rol:type>http://standaarden.omgevingswet.overheid.nl/id/waardelijst/Omgevingsnormgroep</rol:type>
					<rol:normwaarde>
						<rol:Normwaarde>
							<rol:identificatie>nl.imow-gm0037.normwaarde.201900007</rol:identificatie>
							<rol:kwalitatieveWaarde>Een string</rol:kwalitatieveWaarde>
							<rol:kwantitatieveWaarde>200</rol:kwantitatieveWaarde>
							<rol:locatieaanduiding>
								<l:LocatieRef xlink:href="nl.imow-gm0037.gebied.2019000008bestaatNiet"/>
							</rol:locatieaanduiding>
						</rol:Normwaarde>
					</rol:normwaarde>
					<rol:groep>http://standaarden.omgevingswet.overheid.nl/id/waardelijst/Omgevingsnormgroep</rol:groep>
				</rol:Omgevingsnorm>
			</ow-dc:owObject>
		</sl:stand>
	</sl:standBestand>
</ow-dc:owBestand>
