<?xml version="1.0" encoding="utf-8"?>
<ow-dc:owBestand xmlns:xsi="http://www.w3.org/2001/XMLSchema-instance"
                 xmlns:xlink="http://www.w3.org/1999/xlink"
                 xmlns:ga="http://www.geostandaarden.nl/imow/gebiedsaanwijzing"
                 xmlns:da="http://www.geostandaarden.nl/imow/datatypenalgemeen"
                 xmlns:sl="http://www.geostandaarden.nl/bestanden-ow/standlevering-generiek"
                 xmlns:ow-dc="http://www.geostandaarden.nl/imow/bestanden/deelbestand"
                 xmlns:ow="http://www.geostandaarden.nl/imow/owobject"
                 xmlns:rol="http://www.geostandaarden.nl/imow/regelsoplocatie"
                 xmlns:l="http://www.geostandaarden.nl/imow/locatie"
                 xmlns:r="http://www.geostandaarden.nl/imow/regels"
                 xmlns:k="http://www.geostandaarden.nl/imow/kaart"
                 xsi:schemaLocation="http://www.geostandaarden.nl/imow/bestanden/deelbestand https://register.geostandaarden.nl/xmlschema/tpod/v2.0.0/bestanden-ow/deelbestand-ow/IMOW_Deelbestand.xsd">
   <sl:standBestand>
      <sl:dataset>Gemeentestad</sl:dataset>
      <sl:inhoud>
         <sl:gebied>Gemeentestad</sl:gebied>
         <sl:leveringsId>abc-20190221-0801-AFBREEK-LVBB7008-1-20210929043024</sl:leveringsId>
         <sl:objectTypen>
            <sl:objectType>Regeltekst</sl:objectType>
            <sl:objectType>RegelVoorIedereen</sl:objectType>
         </sl:objectTypen>
      </sl:inhoud>
      <!-- artikel 2.3 -->
      <sl:stand>
         <ow-dc:owObject>
            <r:Regeltekst wId="gm0297_1__chp_2__subchp_2.2__art_2.3">
               <r:identificatie>nl.imow-gm0297.regeltekst.201900000120210929043024</r:identificatie>
            </r:Regeltekst>
         </ow-dc:owObject>
      </sl:stand>
      <sl:stand>
         <ow-dc:owObject>
            <r:Regeltekst wId="gm0297_1__chp_2__subchp_2.2__art_2.4">
               <r:identificatie>nl.imow-gm0297.regeltekst.201900000220210929043024</r:identificatie>
            </r:Regeltekst>
         </ow-dc:owObject>
      </sl:stand>
      <sl:stand>
         <ow-dc:owObject>
            <r:Regeltekst wId="gm0297_1__chp_2__subchp_2.2__art_2.5">
               <r:identificatie>nl.imow-gm0297.regeltekst.201900000320210929043024</r:identificatie>
            </r:Regeltekst>
         </ow-dc:owObject>
      </sl:stand>
      <sl:stand>
         <ow-dc:owObject>
            <r:Regeltekst wId="gm0297_1__chp_2__subchp_2.2__art_2.6__para_1">
               <r:identificatie>nl.imow-gm0297.regeltekst.201900000420210929043024</r:identificatie>
            </r:Regeltekst>
         </ow-dc:owObject>
      </sl:stand>
      <sl:stand>
         <ow-dc:owObject>
            <r:Regeltekst wId="gm0297_1__chp_2__subchp_2.2__art_2.7__para_1">
               <r:identificatie>nl.imow-gm0297.regeltekst.201900000720210929043024</r:identificatie>
            </r:Regeltekst>
         </ow-dc:owObject>
      </sl:stand>
      <sl:stand>
         <ow-dc:owObject>
            <r:Regeltekst wId="gm0297_1__chp_2__subchp_2.3__art_2.9">
               <r:identificatie>nl.imow-gm0297.regeltekst.201900001220210929043024</r:identificatie>
            </r:Regeltekst>
         </ow-dc:owObject>
      </sl:stand>
      <sl:stand>
         <ow-dc:owObject>
            <r:Regeltekst wId="gm0297_1__chp_2__subchp_2.3__art_2.10">
               <r:identificatie>nl.imow-gm0297.regeltekst.201900000820210929043024</r:identificatie>
               <r:gerelateerdeRegeltekst>
                  <r:RegeltekstRef xlink:href="nl.imow-gm0297.regeltekst.201900001220210929043024"/>
               </r:gerelateerdeRegeltekst>
            </r:Regeltekst>
         </ow-dc:owObject>
      </sl:stand>
      <sl:stand>
         <ow-dc:owObject>
            <r:RegelVoorIedereen>
               <r:identificatie>nl.imow-gm0297.juridischeregel.201900001420210929043024</r:identificatie>
               <r:idealisatie>http://standaarden.omgevingswet.overheid.nl/idealisatie/id/concept/Exact</r:idealisatie>
               <r:artikelOfLid>
                  <r:RegeltekstRef xlink:href="nl.imow-gm0297.regeltekst.201900000820210929043024"/>
               </r:artikelOfLid>
               <r:locatieaanduiding>
                  <l:LocatieRef xlink:href="nl.imow-gm0297.gebiedengroep.speelhal20210929043024"/>
                  <l:LocatieRef xlink:href="nl.imow-gm0297.gebied.201900000820210929043024"/>
                  <l:LocatieRef xlink:href="nl.imow-gm0297.gebied.201900000920210929043024"/>
                  <l:LocatieRef xlink:href="nl.imow-gm0297.gebied.201900001020210929043024"/>
                  <l:LocatieRef xlink:href="nl.imow-gm0297.gebiedengroep.zuilichem20210929043024"/>
               </r:locatieaanduiding>
               <r:activiteitaanduiding>
                  <rol:ActiviteitRef xlink:href="nl.imow-gm0297.activiteit.201900066020210929043024"/>
                  <!--exploiteren van een speelautomatenhal-->
                  <r:ActiviteitLocatieaanduiding>
                     <r:identificatie>nl.imow-gm0297.activiteitlocatieaanduiding.201900001220210929043024</r:identificatie>
                     <r:activiteitregelkwalificatie>http://standaarden.omgevingswet.overheid.nl/activiteitregelkwalificatie/id/concept/Toegestaan</r:activiteitregelkwalificatie>
                     <r:locatieaanduiding>
                        <l:LocatieRef xlink:href="nl.imow-gm0297.gebiedengroep.centrumgebied20210929043024"/>
                     </r:locatieaanduiding>
                  </r:ActiviteitLocatieaanduiding>
               </r:activiteitaanduiding>
               <r:activiteitaanduiding>
                  <rol:ActiviteitRef xlink:href="nl.imow-gm0297.activiteit.201900068020210929043024"/>
                  <!--exploiteren van een kantoor-->
                  <r:ActiviteitLocatieaanduiding>
                     <r:identificatie>nl.imow-gm0297.activiteitlocatieaanduiding.201900001420210929043024</r:identificatie>
                     <r:activiteitregelkwalificatie>http://standaarden.omgevingswet.overheid.nl/activiteitregelkwalificatie/id/concept/Toegestaan</r:activiteitregelkwalificatie>
                     <r:locatieaanduiding>
                        <l:LocatieRef xlink:href="nl.imow-gm0297.gebiedengroep.centrumgebied20210929043024"/>
                     </r:locatieaanduiding>
                  </r:ActiviteitLocatieaanduiding>
               </r:activiteitaanduiding>
               <r:activiteitaanduiding>
                  <rol:ActiviteitRef xlink:href="nl.imow-gm0297.activiteit.202000068520210929043024"/>
                  <!--het exploiteren van een instelling voor cultuur en ontspanning-->
                  <r:ActiviteitLocatieaanduiding>
                     <r:identificatie>nl.imow-gm0297.activiteitlocatieaanduiding.202000000120210929043024</r:identificatie>
                     <r:activiteitregelkwalificatie>http://standaarden.omgevingswet.overheid.nl/activiteitregelkwalificatie/id/concept/Toegestaan</r:activiteitregelkwalificatie>
                     <r:locatieaanduiding>
                        <l:LocatieRef xlink:href="nl.imow-gm0297.gebiedengroep.centrumgebied20210929043024"/>
                     </r:locatieaanduiding>
                  </r:ActiviteitLocatieaanduiding>
               </r:activiteitaanduiding>
            </r:RegelVoorIedereen>
         </ow-dc:owObject>
      </sl:stand>
      <sl:stand>
         <ow-dc:owObject>
            <r:Regeltekst wId="gm0297_1__chp_2__subchp_2.4__art_2.12">
               <r:identificatie>nl.imow-gm0297.regeltekst.201900000920210929043024</r:identificatie>
            </r:Regeltekst>
         </ow-dc:owObject>
      </sl:stand>
      <sl:stand>
         <ow-dc:owObject>
            <r:Regeltekst wId="gm0297_1__chp_2__subchp_2.5__art_2.14">
               <r:identificatie>nl.imow-gm0297.regeltekst.201900001020210929043024</r:identificatie>
            </r:Regeltekst>
         </ow-dc:owObject>
      </sl:stand>
      <sl:stand>
         <ow-dc:owObject>
            <r:Regeltekst wId="gm0297_1__chp_2__subchp_2.5__art_2.15">
               <r:identificatie>nl.imow-gm0297.regeltekst.201900001520210929043024</r:identificatie>
            </r:Regeltekst>
         </ow-dc:owObject>
      </sl:stand>
      <sl:stand>
         <ow-dc:owObject>
            <r:Regeltekst wId="gm0297_1__chp_5__subchp_5.1__art_5.1">
               <r:identificatie>nl.imow-gm0297.regeltekst.201900011320210929043024</r:identificatie>
            </r:Regeltekst>
         </ow-dc:owObject>
      </sl:stand>
      <sl:stand>
         <ow-dc:owObject>
            <r:Regeltekst wId="gm0297_1__chp_6__subchp_6.1__art_6.1__para_1">
               <r:identificatie>nl.imow-gm0297.regeltekst.201900011420210929043024</r:identificatie>
            </r:Regeltekst>
         </ow-dc:owObject>
      </sl:stand>
      <sl:stand>
         <ow-dc:owObject>
            <r:Regeltekst wId="gm0297_1__chp_6__subchp_6.1__art_6.1__para_2">
               <r:identificatie>nl.imow-gm0297.regeltekst.201900011520210929043024</r:identificatie>
            </r:Regeltekst>
         </ow-dc:owObject>
      </sl:stand>
      <!-- als er geen topactiviteit is
         <sl:stand>
         <ow-dc:owObject>
            <r:Regeltekst wId="gm0297_1__chp_1__art_1.4">
               <r:identificatie>nl.imow-gm0297.regeltekst.2019000116</r:identificatie>
            </r:Regeltekst>
         </ow-dc:owObject>
      </sl:stand>
-->
   </sl:standBestand>
</ow-dc:owBestand>
