<?xml version="1.0" encoding="UTF-8"?>
<manifest xmlns="http://www.overheid.nl/2017/lvbb">
    <bestand>
        <bestandsnaam>akn_nl_bill_gm0297-3520-01.xml</bestandsnaam>
        <contentType>application/xml</contentType>
    </bestand>
    <bestand>
        <bestandsnaam>manifest.xml</bestandsnaam>
        <contentType>application/xml</contentType>
    </bestand>
    <bestand>
        <bestandsnaam>opdracht.xml</bestandsnaam>
        <contentType>application/xml</contentType>
    </bestand>
    <bestand>
        <bestandsnaam>GoedeGebieden.gml</bestandsnaam>
        <contentType>application/gml+xml</contentType>
    </bestand>
    <bestand>
        <bestandsnaam>manifest-ow.xml</bestandsnaam>
        <contentType>application/xml</contentType>
    </bestand>
    <bestand>
        <bestandsnaam>owLocaties-Gemeentestad.xml</bestandsnaam>
        <contentType>application/xml</contentType>
    </bestand>
    <bestand>
        <bestandsnaam>owRegeltekst-Gemeentestad.xml</bestandsnaam>
        <contentType>application/xml</contentType>
    </bestand>
    <bestand>
        <bestandsnaam>owRegelingsgebied.xml</bestandsnaam>
        <contentType>application/xml</contentType>
    </bestand>
</manifest>