<?xml version="1.0" encoding="UTF-8"?>
<ow-dc:owBestand xmlns:ow-dc="http://www.geostandaarden.nl/imow/bestanden/deelbestand"
	xmlns:ow="http://www.geostandaarden.nl/imow/owobject"
	xmlns:da="http://www.geostandaarden.nl/imow/datatypenalgemeen"
	xmlns:sl="http://www.geostandaarden.nl/bestanden-ow/standlevering-generiek"
	xmlns:ga="http://www.geostandaarden.nl/imow/gebiedsaanwijzing"
	xmlns:k="http://www.geostandaarden.nl/imow/kaart"
	xmlns:l="http://www.geostandaarden.nl/imow/locatie"
	xmlns:p="http://www.geostandaarden.nl/imow/pons"
	xmlns:r="http://www.geostandaarden.nl/imow/regels"
	xmlns:rol="http://www.geostandaarden.nl/imow/regelsoplocatie"
	xmlns:vt="http://www.geostandaarden.nl/imow/vrijetekst"
	xmlns:xlink="http://www.w3.org/1999/xlink"
	xmlns:xsi="http://www.w3.org/2001/XMLSchema-instance"
	xsi:schemaLocation="http://www.geostandaarden.nl/imow/bestanden/deelbestand https://register.geostandaarden.nl/xmlschema/tpod/v1.0.3/bestanden-ow/deelbestand-ow/IMOW_Deelbestand.xsd">
	<sl:standBestand>
		<sl:dataset>Gemeentestad</sl:dataset>
		<sl:inhoud>
			<sl:gebied>Gemeentestad</sl:gebied>
<sl:leveringsId>id-publicatie-OZON0045-30512</sl:leveringsId>
			<sl:objectTypen>
				<sl:objectType>Gebied</sl:objectType>
			</sl:objectTypen>
		</sl:inhoud>
		<sl:stand>
			<ow-dc:owObject>
				<l:Gebied>
					<l:identificatie>nl.imow-gm0297.gebied.20190000001</l:identificatie>
					<l:noemer>Fout gebied</l:noemer>
					<l:geometrie>
						<l:GeometrieRef xlink:href="e21c801e-49ee-43f8-8f5e-0000000000001"/>
					</l:geometrie>
				</l:Gebied>
			</ow-dc:owObject>
		</sl:stand>
	</sl:standBestand>
</ow-dc:owBestand>
