<?xml version="1.0" encoding="utf-8"?>
<!--Voor validatie is het noodzakelijk om ook de catalogi van de gepubliceerde versie 1.0.4 te laden.-->
<AanleveringInformatieObject xmlns="https://standaarden.overheid.nl/lvbb/stop/aanlevering/"
                             xmlns:geo="https://standaarden.overheid.nl/stop/imop/geo/"
                             xmlns:xsi="http://www.w3.org/2001/XMLSchema-instance"
                             schemaversie="1.1.0"
                             xsi:schemaLocation="https://standaarden.overheid.nl/lvbb/stop/aanlevering https://standaarden.overheid.nl/lvbb/1.1.0/lvbb-stop-aanlevering.xsd">
   <InformatieObjectVersie>
      <ExpressionIdentificatie xmlns="https://standaarden.overheid.nl/stop/imop/data/">
         <data:FRBRWork xmlns:data="https://standaarden.overheid.nl/stop/imop/data/">/join/id/regdata/gm0297/2020/Bouwhoogte-STOP0026-20210731113722</data:FRBRWork>
         <data:FRBRExpression xmlns:data="https://standaarden.overheid.nl/stop/imop/data/">/join/id/regdata/gm0297/2020/Bouwhoogte-STOP0026-20210731113722/nld@2021-08-03;3520</data:FRBRExpression>
         <soortWork>/join/id/stop/work_010</soortWork>
      </ExpressionIdentificatie>
      <InformatieObjectVersieMetadata xmlns="https://standaarden.overheid.nl/stop/imop/data/">
         <heeftBestanden>
            <heeftBestand>
               <Bestand>
                  <bestandsnaam>Bouwhoogte.gml</bestandsnaam>
                  <data:hash xmlns:data="https://standaarden.overheid.nl/stop/imop/data/">9fefaba421edff633c512d856c905def53bb5e99aaed819c06ab1ba3fa1323c1758ecfe334831d52f73ad2e6682c8d83c05cd80067a6ab1bbb33c816f7c0e8cd</data:hash>
               </Bestand>
            </heeftBestand>
         </heeftBestanden>
         <data:heeftGeboorteregeling xmlns:data="https://standaarden.overheid.nl/stop/imop/data/">/akn/nl/act/gm0297/2020/STOP0026-AFBREEK-20210731113722_1</data:heeftGeboorteregeling>
      </InformatieObjectVersieMetadata>
      <InformatieObjectMetadata xmlns="https://standaarden.overheid.nl/stop/imop/data/">
         <eindverantwoordelijke>/tooi/id/gemeente/gm0297</eindverantwoordelijke>
         <maker>/tooi/id/gemeente/gm0297</maker>
         <alternatieveTitels>
            <alternatieveTitel>Bouwhoogte</alternatieveTitel>
         </alternatieveTitels>
         <data:officieleTitel xmlns:data="https://standaarden.overheid.nl/stop/imop/data/">/join/id/regdata/gm0297/2020/Bouwhoogte-STOP0026-20210731113722</data:officieleTitel>
         <publicatieinstructie>TeConsolideren</publicatieinstructie>
         <formaatInformatieobject>/join/id/stop/informatieobject/gio_002</formaatInformatieobject>
         <naamInformatieObject>Bouwhoogte</naamInformatieObject>
      </InformatieObjectMetadata>
      <FeatureTypeStyle xmlns="http://www.opengis.net/se" version="1.1.0">
         <FeatureTypeName>geo:Locatie</FeatureTypeName>
         <SemanticTypeIdentifier>geo:kwantitatieveNormwaarde</SemanticTypeIdentifier>
         <Rule>
            <Name>Maximum bouwhoogte 7 meter</Name>
            <Description>
               <Title>7 meter</Title>
               <Abstract>Maximum bouwhoogte 7 meter</Abstract>
            </Description>
            <Filter xmlns="http://www.opengis.net/ogc">
               <PropertyIsEqualTo>
                  <PropertyName>kwantitatieveNormwaarde</PropertyName>
                  <Literal>7</Literal>
               </PropertyIsEqualTo>
            </Filter>
            <PolygonSymbolizer>
               <Name>vsgt206</Name>
               <Fill>
                  <SvgParameter name="fill">#c8c8c8</SvgParameter>
                  <SvgParameter name="fill-opacity">0.3</SvgParameter>
               </Fill>
               <Stroke>
                  <SvgParameter name="stroke">#505050</SvgParameter>
                  <SvgParameter name="stroke-opacity">1</SvgParameter>
                  <SvgParameter name="stroke-width">0.5</SvgParameter>
                  <SvgParameter name="stroke-linejoin">round</SvgParameter>
               </Stroke>
            </PolygonSymbolizer>
         </Rule>
         <Rule>
            <Name>Maximum bouwhoogte 13 meter</Name>
            <Description>
               <Title>13 meter</Title>
               <Abstract>Maximum bouwhoogte 13 meter</Abstract>
            </Description>
            <Filter xmlns="http://www.opengis.net/ogc">
               <PropertyIsEqualTo>
                  <PropertyName>kwantitatieveNormwaarde</PropertyName>
                  <Literal>13</Literal>
               </PropertyIsEqualTo>
            </Filter>
            <PolygonSymbolizer>
               <Name>vsgt201</Name>
               <Fill>
                  <SvgParameter name="fill">#646464</SvgParameter>
                  <SvgParameter name="fill-opacity">0.3</SvgParameter>
               </Fill>
               <Stroke>
                  <SvgParameter name="stroke">#505050</SvgParameter>
                  <SvgParameter name="stroke-opacity">1</SvgParameter>
                  <SvgParameter name="stroke-width">0.5</SvgParameter>
                  <SvgParameter name="stroke-linejoin">round</SvgParameter>
               </Stroke>
            </PolygonSymbolizer>
         </Rule>
      </FeatureTypeStyle>
   </InformatieObjectVersie>
</AanleveringInformatieObject>
