<?xml version="1.0" encoding="utf-8"?>
<!--Voor validatie is het noodzakelijk om ook de catalogi van de gepubliceerde versie 1.0.4 te laden.-->
<AanleveringInformatieObject xmlns="https://standaarden.overheid.nl/lvbb/stop/aanlevering/"
                             xmlns:geo="https://standaarden.overheid.nl/stop/imop/geo/"
                             xmlns:xsi="http://www.w3.org/2001/XMLSchema-instance"
                             schemaversie="1.0.4"
                             xsi:schemaLocation="https://standaarden.overheid.nl/lvbb/stop/aanlevering https://standaarden.overheid.nl/lvbb/1.0.4/lvbb-stop-aanlevering.xsd">
   <InformatieObjectVersie>
      <ExpressionIdentificatie xmlns="https://standaarden.overheid.nl/stop/imop/data/">
         <data:FRBRWork xmlns:data="https://standaarden.overheid.nl/stop/imop/data/">/join/id/regdata/gm0297/2019/GoedeGebieden-STOP3102-20210921085950</data:FRBRWork>
         <data:FRBRExpression xmlns:data="https://standaarden.overheid.nl/stop/imop/data/">/join/id/regdata/gm0297/2019/GoedeGebieden-STOP3102-20210921085950/nld@2019-06-18;3520</data:FRBRExpression>
         <soortWork>/join/id/stop/work_010</soortWork>
      </ExpressionIdentificatie>
      <InformatieObjectVersieMetadata xmlns="https://standaarden.overheid.nl/stop/imop/data/">
         <heeftBestanden>
            <heeftBestand>
               <Bestand>
                  <bestandsnaam>GoedeGebieden.gml</bestandsnaam>
                  <data:hash xmlns:data="https://standaarden.overheid.nl/stop/imop/data/">b96b8a299853c6129545830e2f2ec538cc8192a38dd3c7a641078884a75ea3a854ab5453a25f7a74f0ac3e16d46156ac42d3e9d13feb2bfe2c5fca1685cc1b85</data:hash>
               </Bestand>
            </heeftBestand>
         </heeftBestanden>
         <data:heeftGeboorteregeling xmlns:data="https://standaarden.overheid.nl/stop/imop/data/">/akn/nl/act/gm0297/2019/STOP3102-20210921085950_0</data:heeftGeboorteregeling>
      </InformatieObjectVersieMetadata>
      <InformatieObjectMetadata xmlns="https://standaarden.overheid.nl/stop/imop/data/">
         <eindverantwoordelijke>/tooi/id/gemeente/gm0297</eindverantwoordelijke>
         <maker>/tooi/id/gemeente/gm0297</maker>
         <alternatieveTitels>
            <alternatieveTitel>GoedeGebieden</alternatieveTitel>
         </alternatieveTitels>
         <data:officieleTitel xmlns:data="https://standaarden.overheid.nl/stop/imop/data/">/join/id/regdata/gm0297/2019/GoedeGebieden-STOP3102-20210921085950</data:officieleTitel>
         <publicatieinstructie>TeConsolideren</publicatieinstructie>
         <formaatInformatieobject>/join/id/stop/informatieobject/gio_002</formaatInformatieobject>
         <naamInformatieObject>GoedeGebieden</naamInformatieObject>
      </InformatieObjectMetadata>
      <FeatureTypeStyle xmlns="http://www.opengis.net/se" version="1.1.0">
         <!-- FOUT STOP De FeatureTypeStyle:FeatureTypeName MOET geo:Locatie zijn. -->
         <FeatureTypeName>geo:FOUT</FeatureTypeName>
         <SemanticTypeIdentifier>geo:kwantitatieveNormwaarde</SemanticTypeIdentifier>
         <Rule>
            <Name>Maximum bouwhoogte 7 meter</Name>
            <Description>
               <Title>7 meter</Title>
               <Abstract>Maximum bouwhoogte 7 meter</Abstract>
            </Description>
            <PolygonSymbolizer>
               <Name>vsgt206</Name>
               <Fill>
                  <SvgParameter name="fill">#c8c8c8</SvgParameter>
                  <SvgParameter name="fill-opacity">0.3</SvgParameter>
               </Fill>
               <Stroke>
                  <SvgParameter name="stroke">#505050</SvgParameter>
                  <SvgParameter name="stroke-opacity">1</SvgParameter>
                  <SvgParameter name="stroke-width">0.5</SvgParameter>
                  <SvgParameter name="stroke-linejoin">round</SvgParameter>
               </Stroke>
            </PolygonSymbolizer>
         </Rule>
         <Rule>
            <Name>Maximum bouwhoogte 13 meter</Name>
            <Description>
               <Title>13 meter</Title>
               <Abstract>Maximum bouwhoogte 13 meter</Abstract>
            </Description>
            <Filter xmlns="http://www.opengis.net/ogc">
               <PropertyIsEqualTo>
                  <PropertyName>kwantitatieveNormwaarde</PropertyName>
                  <Literal>13</Literal>
               </PropertyIsEqualTo>
            </Filter>
            <PolygonSymbolizer>
               <Name>vsgt201</Name>
               <Fill>
                  <SvgParameter name="fill">#646464</SvgParameter>
                  <SvgParameter name="fill-opacity">0.3</SvgParameter>
               </Fill>
               <Stroke>
                  <SvgParameter name="stroke">#505050</SvgParameter>
                  <SvgParameter name="stroke-opacity">1</SvgParameter>
                  <SvgParameter name="stroke-width">0.5</SvgParameter>
                  <SvgParameter name="stroke-linejoin">round</SvgParameter>
               </Stroke>
            </PolygonSymbolizer>
         </Rule>
      </FeatureTypeStyle>
   </InformatieObjectVersie>
</AanleveringInformatieObject>
