<?xml version="1.0" encoding="utf-8"?>
<AanleveringInformatieObject xmlns="https://standaarden.overheid.nl/lvbb/stop/aanlevering/"
  schemaversie="1.0.3">
  <InformatieObjectVersie>
    <ExpressionIdentificatie xmlns="https://standaarden.overheid.nl/stop/imop/data/">
      <FRBRWork>/join/id/regdata/gm0297/2019/regelingsgebied</FRBRWork>
      <FRBRExpression>/join/id/regdata/gm0297/2019/regelingsgebied/nld@2019-06-18;3520</FRBRExpression>
      <soortWork>/join/id/stop/work_010</soortWork>
    </ExpressionIdentificatie>
    <InformatieObjectVersieMetadata xmlns="https://standaarden.overheid.nl/stop/imop/data/">
<heeftGeboorteregeling>/akn/nl/act/gm0297/2019/LVBB100631360</heeftGeboorteregeling>
      <heeftBestanden>
        <heeftBestand>
          <Bestand>
            <bestandsnaam>regelingsgebied.gml</bestandsnaam>
<hash>8c264b794c51cc1edd33eaa9b26aea94567793be55546e6f50809a8554f2b4f618e2da048c43105c0244dc13172a1df14bb6be381df6f15be4e8b8c70d0b7dbc </hash>
          </Bestand>
        </heeftBestand>
      </heeftBestanden>
    </InformatieObjectVersieMetadata>
    <InformatieObjectMetadata xmlns="https://standaarden.overheid.nl/stop/imop/data/">
      <eindverantwoordelijke>/tooi/id/gemeente/gm0297</eindverantwoordelijke>
      <maker>/tooi/id/gemeente/gm0297</maker>
      <alternatieveTitels>
        <alternatieveTitel>Regelingsgebied</alternatieveTitel>
      </alternatieveTitels>
      <officieleTitel>/join/id/regdata/gm0297/2019/gemeente_leiden</officieleTitel>
      <publicatieinstructie>TeConsolideren</publicatieinstructie>
      <naamInformatieObject>Regelingsgebied</naamInformatieObject>
<formaatInformatieobject>/join/id/stop/informatieobject/gio_002</formaatInformatieobject>
    </InformatieObjectMetadata>
  </InformatieObjectVersie>
</AanleveringInformatieObject>
