<?xml version="1.0" encoding="utf-8"?>
<!--Voor validatie is het noodzakelijk om ook de catalogi van de gepubliceerde versie 1.0.4 te laden.-->
<AanleveringBesluit xmlns="https://standaarden.overheid.nl/lvbb/stop/aanlevering/"
                    xmlns:xsi="http://www.w3.org/2001/XMLSchema-instance"
                    schemaversie="1.0.4"
                    xsi:schemaLocation="https://standaarden.overheid.nl/lvbb/stop/aanlevering https://standaarden.overheid.nl/lvbb/1.0.4/lvbb-stop-aanlevering.xsd">
   <BesluitVersie>
      <ExpressionIdentificatie xmlns="https://standaarden.overheid.nl/stop/imop/data/">
         <data:FRBRWork xmlns:data="https://standaarden.overheid.nl/stop/imop/data/">/akn/nl/bill/gm0297/2021/LVBB4015-20210428051027 d </data:FRBRWork>
         <data:FRBRExpression xmlns:data="https://standaarden.overheid.nl/stop/imop/data/">/akn/nl/bill/gm0297/2021/LVBB4015-20210428051027/nld@2021-01-20;2</data:FRBRExpression>
         <soortWork>/join/id/stop/work_003</soortWork>
      </ExpressionIdentificatie>
      <BesluitMetadata xmlns="https://standaarden.overheid.nl/stop/imop/data/">
         <soortBestuursorgaan>/tooi/def/thes/kern/c_2a7d8663</soortBestuursorgaan>
         <eindverantwoordelijke>/tooi/id/gemeente/gm0297</eindverantwoordelijke>
         <maker>/tooi/id/gemeente/gm0297</maker>
         <officieleTitel>Gemeentestad Omgevingsplan wijziging regeltekst (mutatiescenario2)</officieleTitel>
         <onderwerpen>
            <onderwerp>/tooi/def/concept/c_a6a9eddd</onderwerp>
         </onderwerpen>
         <rechtsgebieden>
            <rechtsgebied>/tooi/def/concept/c_8ad05f6d</rechtsgebied>
         </rechtsgebieden>
         <soortProcedure>/join/id/stop/proceduretype_definitief</soortProcedure>
      </BesluitMetadata>
      <Procedureverloop xmlns="https://standaarden.overheid.nl/stop/imop/data/">
         <bekendOp>2021-01-22</bekendOp>
         <procedurestappen>
            <Procedurestap>
               <soortStap>/join/id/stop/procedure/stap_003</soortStap>
               <voltooidOp>2021-01-21</voltooidOp>
            </Procedurestap>
         </procedurestappen>
      </Procedureverloop>
      <ConsolidatieInformatie xmlns="https://standaarden.overheid.nl/stop/imop/data/">
         <BeoogdeRegelgeving>
            <BeoogdeRegeling>
               <doelen>
                  <data:doel xmlns:data="https://standaarden.overheid.nl/stop/imop/data/">/join/id/proces/gm0297/2019/LVBB4015-20210428051027</data:doel>
               </doelen>
               <data:instrumentVersie xmlns:data="https://standaarden.overheid.nl/stop/imop/data/">/akn/nl/act/gm0297/2019/LVBB4015-20210428051027/nld@2021-01-15;2</data:instrumentVersie>
               <eId>art_I</eId>
            </BeoogdeRegeling>
         </BeoogdeRegelgeving>
         <Tijdstempels>
            <Tijdstempel>
               <doel>/join/id/proces/gm0297/2019/LVBB401521408</doel>
               <soortTijdstempel>juridischWerkendVanaf</soortTijdstempel>
               <datum>2021-02-01</datum>
               <eId>art_II</eId>
            </Tijdstempel>
         </Tijdstempels>
      </ConsolidatieInformatie>
      <BesluitCompact xmlns="https://standaarden.overheid.nl/stop/imop/tekst/">
         <RegelingOpschrift eId="longTitle_o_1" wId="longTitle_o_1">
            <Al>Gemeentestad Omgevingsplan wijziging regeltekst (mutatiescenario2)</Al>
         </RegelingOpschrift>
         <Aanhef wId="formula_1" eId="formula_1">
            <Al>De raad van de gemeente Gemeenstestad </Al>
            <Al>gelezen het voorstel van burgemeester en wethouders van 21 januari 2021, nr. 2021-0168;</Al>
            <Al>Gelet op <ExtRef ref="https://wetten.overheid.nl/jci1.3:c:BWBR0005416&amp;titeldeel=III&amp;hoofdstuk=IX&amp;artikel=149"
                       soort="URL">Gemeentewet, art. 149</ExtRef>.</Al>
            <Al>besluit:</Al>
         </Aanhef>
         <Lichaam eId="body" wId="body">
            <WijzigArtikel eId="art_I" wId="gm0297_1__art_I">
               <Kop>
                  <Label>Artikel</Label>
                  <Nummer>I</Nummer>
               </Kop>
               <Wat>De "Voorbeeldregels met uitbreiding tbv Toepasbare Regels" wordt gewijzigd zoals in <IntRef scope="WijzigBijlage" ref="cmp_A">Bijlage A</IntRef> opgenomen</Wat>
            </WijzigArtikel>
            <Artikel eId="art_II" wId="gm0297_1__art_II">
               <Kop>
                  <Label>Artikel</Label>
                  <Nummer>II</Nummer>
               </Kop>
               <Inhoud>
                  <Al>Dit besluit treedt in werking per 1 februari 2021.</Al>
               </Inhoud>
            </Artikel>
         </Lichaam>
         <Sluiting eId="formula_2_o_1" wId="formula_2_o_1">
            <Al>Gegeven te Geonovum, Gemeentestad, 21 januari 2021</Al>
            <Ondertekening>
               <Al>Gedeputeerde Raad van Amersfoort tot Den Haag</Al>
               <Al>Ikra van der Velde</Al>
               <Al>gemeentesecretaris</Al>
               <Al>Seymour Racicot</Al>
               <Al>burgemeester</Al>
            </Ondertekening>
         </Sluiting>
         <WijzigBijlage eId="cmp_A" wId="gm0297_1__cmp_A">
            <Kop>
               <Label>Bijlage</Label>
               <Nummer>A</Nummer>
               <Opschrift>Bijlage bij Artikel I</Opschrift>
            </Kop>
            <!-- FOUT: LVBB4015	Bestaat was-versie? -->
            <RegelingMutatie componentnaam="wijziging_reg"
                             was="/akn/nl/act/gm0297/2019/LVBB4015434/nld@2022-01-15;1"
                             wordt="/akn/nl/act/gm0297/2019/LVBB4015-20210428051027/nld@2021-01-15;2">
               <Vervang wat="gm0297_1__chp_2__subchp_2.2__art_2.5">
                  <Nummer>A</Nummer>
                  <Wat>Artikel 2.5 is vernummerd naar 2.6:</Wat>
                  <!-- NB: bij vernummeren wijzigt de eId wel, maar de wId niet, blijft in dit geval "2.5" -->
                  <Artikel eId="chp_2__subchp_2.2__art_2.6"
                           wId="gm0297_1__chp_2__subchp_2.2__art_2.5">
                     <Kop>
                        <Label>Artikel</Label>
                        <Nummer>
                           <VerwijderdeTekst>2.5</VerwijderdeTekst>
                           <NieuweTekst>2.6</NieuweTekst>
                        </Nummer>
                        <Opschrift>Gebruiksactiviteiten die verboden zijn</Opschrift>
                     </Kop>
                     <Inhoud>
                        <Al>Ter plaatse van het werkingsgebied van de functie '<IntIoRef ref="gm0297_1__cmp_I__content_o_1__list_o_1__item_o_1__ref_o_1"
                                     eId="chp_2__subchp_2.2__art_2.6__ref_o_1"
                                     wId="gm0297_1__chp_2__subchp_2.2__art_2.5__ref_o_1">Bedrijf categorie 2</IntIoRef>' is het verboden de locatie en de daarop voorkomende bouwwerken te gebruiken:</Al>
                        <Lijst eId="chp_2__subchp_2.2__art_2.6__list_o_1"
                               type="expliciet"
                               wId="gm0297_1__chp_2__subchp_2.2__art_2.5__list_o_1">
                           <Li eId="chp_2__subchp_2.2__art_2.6__list_o_1__item_a"
                               wId="gm0297_1__chp_2__subchp_2.2__art_2.5__list_o_1__item_a">
                              <LiNummer>a.</LiNummer>
                              <Al>voor het exploiteren van inrichtingen als bedoeld in artikel 2.1 lid 3 juncto Bijlage 1 onderdeel D van het Besluit omgevingsrecht;</Al>
                           </Li>
                           <Li eId="chp_2__subchp_2.2__art_2.6__list_o_1__item_b"
                               wId="gm0297_1__chp_2__subchp_2.2__art_2.5__list_o_1__item_b">
                              <LiNummer>b.</LiNummer>
                              <Al>voor het exploiteren van risicovolle inrichtingen;</Al>
                           </Li>
                           <Li eId="chp_2__subchp_2.2__art_2.6__list_o_1__item_c"
                               wId="gm0297_1__chp_2__subchp_2.2__art_2.5__list_o_1__item_c">
                              <LiNummer>c.</LiNummer>
                              <Al>als opslagterrein, voor zover het betreft het gebied gelegen voor de voorgevels van de bedrijfsgebouwen. </Al>
                           </Li>
                        </Lijst>
                     </Inhoud>
                  </Artikel>
               </Vervang>
               <Vervang wat="gm0297_1__chp_2__subchp_2.2__art_2.6">
                  <Nummer>B</Nummer>
                  <Wat>Artikel 2.6 is vernummerd naar 2.5:</Wat>
                  <!-- NB: bij vernummeren wijzigt de eId wel, maar de wId niet, blijft in dit geval "2.6" -->
                  <Artikel eId="chp_2__subchp_2.2__art_2.5"
                           wId="gm0297_1__chp_2__subchp_2.2__art_2.6">
                     <Kop>
                        <Label>Artikel</Label>
                        <Nummer>
                           <VerwijderdeTekst>2.6</VerwijderdeTekst>
                           <NieuweTekst>2.5</NieuweTekst>
                        </Nummer>
                        <Opschrift>Gebruiksactiviteiten die zijn toegelaten na voorafgaande melding</Opschrift>
                     </Kop>
                     <Lid eId="chp_2__subchp_2.2__art_2.5__para_1"
                          wId="gm0297_1__chp_2__subchp_2.2__art_2.6__para_1">
                        <LidNummer>1</LidNummer>
                        <Inhoud>
                           <Al>Meldingplichtige gebruiksactiviteiten</Al>
                           <Al>Ter plaatse van het werkingsgebied van de functie '<IntIoRef ref="gm0297_1__cmp_I__content_o_1__list_o_1__item_o_1__ref_o_1"
                                        eId="chp_2__subchp_2.2__art_2.5__para_1__ref_o_1"
                                        wId="gm0297_1__chp_2__subchp_2.2__art_2.6__para_1__ref_o_1">Bedrijf categorie 2</IntIoRef>' is het binnen '<IntIoRef ref="gm0297_1__cmp_I__content_o_1__list_o_1__item_o_4__ref_o_1"
                                        eId="chp_2__subchp_2.2__art_2.5__para_1__ref_o_2"
                                        wId="gm0297_1__chp_2__subchp_2.2__art_2.6__para_1__ref_o_2">Zone B</IntIoRef>' verboden de gebruiksactiviteit 'het uitoefenen van detailhandel in ter plaatse vervaardigde goederen' te verrichten zonder dat daarvoor aan het bevoegd gezag een melding is gedaan</Al>
                        </Inhoud>
                     </Lid>
                     <Lid eId="chp_2__subchp_2.2__art_2.5__para_2"
                          wId="gm0297_1__chp_2__subchp_2.2__art_2.6__para_2">
                        <LidNummer>2</LidNummer>
                        <Inhoud>
                           <Al>Indieningsvereisten melding</Al>
                           <Al>Bij het doen van de melding dienen de volgende indieningsvereisten in acht te worden genomen:</Al>
                           <Lijst eId="chp_2__subchp_2.2__art_2.5__para_2__list_o_1"
                                  type="expliciet"
                                  wId="gm0297_1__chp_2__subchp_2.2__art_2.6__para_2__list_o_1">
                              <Li eId="chp_2__subchp_2.2__art_2.5__para_2__list_o_1__item_a"
                                  wId="gm0297_1__chp_2__subchp_2.2__art_2.6__para_2__list_o_1__item_a">
                                 <LiNummer>a.</LiNummer>
                                 <Al>de melding dient te worden gedaan door middel van het inzenden van het bij deze regels behorende Formulier Melding;</Al>
                              </Li>
                              <Li eId="chp_2__subchp_2.2__art_2.6__para_2__list_o_1__item_b"
                                  wId="gm0297_1__chp_2__subchp_2.2__art_2.6__para_2__list_o_1__item_b">
                                 <LiNummer>b.</LiNummer>
                                 <Al>toegevoegd moet worden een terreininrichtingstekening. </Al>
                              </Li>
                           </Lijst>
                        </Inhoud>
                     </Lid>
                  </Artikel>
               </Vervang>
               <Vervang wat="gm0297_1__chp_2__subchp_2.2__art_2.7">
                  <Nummer>C</Nummer>
                  <Wat>Artikel 2.7 wordt als volgt gewijzigd:</Wat>
                  <Artikel eId="chp_2__subchp_2.2__art_2.7"
                           wId="gm0297_1__chp_2__subchp_2.2__art_2.7">
                     <Kop>
                        <Label>Artikel</Label>
                        <Nummer>2.7</Nummer>
                        <Opschrift>Gebruiksactiviteiten die zijn toegelaten nadat daarvoor omgevingsvergunning is verleend</Opschrift>
                     </Kop>
                     <Lid eId="chp_2__subchp_2.2__art_2.7__para_1"
                          wId="gm0297_1__chp_2__subchp_2.2__art_2.7__para_1">
                        <LidNummer>1</LidNummer>
                        <Inhoud>
                           <Al>Vergunningplichtige gebruiksactiviteiten</Al>
                           <Al>Ter plaatse van het werkingsgebied van de functie '<IntIoRef ref="gm0297_1__cmp_I__content_o_1__list_o_1__item_o_1__ref_o_1"
                                        eId="chp_2__subchp_2.2__art_2.7__para_1__ref_o_1"
                                        wId="gm0297_1__chp_2__subchp_2.2__art_2.7__para_1__ref_o_1">Bedrijf categorie 2</IntIoRef>' is het verboden om zonder omgevingsvergunning de gebruiksactiviteit 'het exploiteren van een verkooppunt voor motorbrandstoffen niet zijnde lpg' te verrichten. Daarnaast is het eveneens verboden om deze gebruiksactiviteit uit te voeren zonder een vergunning voor de milieubelastende activiteit ‘het opslaan van motorbrandstoffen niet zijnde lpg’, zoals beschreven in Artikel 13.24.</Al>
                        </Inhoud>
                     </Lid>
                     <!-- NB wId blijft para_3 na hernummering -->
                     <Lid eId="chp_2__subchp_2.2__art_2.7__para_2"
                          wId="gm0297_1__chp_2__subchp_2.2__art_2.7__para_3">
                        <LidNummer>
                           <VerwijderdeTekst>3</VerwijderdeTekst>
                           <NieuweTekst>2</NieuweTekst>
                        </LidNummer>
                        <Inhoud>
                           <Al>Beoordelingsregels aanvraag omgevingsvergunning</Al>
                           <Al>De omgevingsvergunning wordt alleen verleend als aan de volgende regels wordt voldaan:</Al>
                           <Lijst eId="chp_2__subchp_2.2__art_2.7__para_2__list_o_1"
                                  type="expliciet"
                                  wId="gm0297_1__chp_2__subchp_2.2__art_2.7__para_3__list_o_1">
                              <Li eId="chp_2__subchp_2.2__art_2.7__para_2__list_o_1__item_a"
                                  wId="gm0297_1__chp_2__subchp_2.2__art_2.7__para_3__list_o_1__item_a">
                                 <LiNummer>a.</LiNummer>
                                 <Al>Uit de RisicoEffectRapportage is gebleken dat het gevaar voor de omliggende gevoelige functies ten hoogste 0.1 is.</Al>
                              </Li>
                              <Li eId="chp_2__subchp_2.2__art_2.7__para_2__list_o_1__item_b"
                                  wId="gm0297_1__chp_2__subchp_2.2__art_2.7__para_3__list_o_1__item_b">
                                 <LiNummer>b.</LiNummer>
                                 <Al>Bebouwing wordt uitsluitend gebruikt als technische ruimte, zoals een werkplaats, en als servicegebouw ten dienste van het verkooppunt motorbrandstoffen, waaronder in ieder geval begrepen winkel, magazijn en sanitaire ruimten.</Al>
                              </Li>
                              <Li eId="chp_2__subchp_2.2__art_2.7__para_2__list_o_1__item_c"
                                  wId="gm0297_1__chp_2__subchp_2.2__art_2.7__para_3__list_o_1__item_c">
                                 <LiNummer>c.</LiNummer>
                                 <Al>In het servicegebouw zijn geen afzonderlijke ruimten voor detailhandel.</Al>
                              </Li>
                              <Li eId="chp_2__subchp_2.2__art_2.7__para_2__list_o_1__item_d"
                                  wId="gm0297_1__chp_2__subchp_2.2__art_2.7__para_3__list_o_1__item_d">
                                 <LiNummer>d.</LiNummer>
                                 <Al>Er zijn geen zelfstandige en onzelfstandige horecaruimten in de zin van café/bar, restaurant, snackbar, et cetera. Buffetverkoop en verkoop uit automatiek zijn, als onderdeel van de winkel, wel toegestaan.</Al>
                              </Li>
                           </Lijst>
                        </Inhoud>
                     </Lid>
                     <Lid eId="chp_2__subchp_2.2__art_2.7__para_2_inst2"
                          wId="gm0297_1__chp_2__subchp_2.2__art_2.7__para_2"
                          wijzigactie="verwijder">
                        <LidNummer>2</LidNummer>
                        <Inhoud>
                           <Al>Indieningsvereisten aanvraag omgevingsvergunning</Al>
                           <Al>Bij het indienen van de aanvraag om omgevingsvergunning dienen de volgende indieningsvereisten in acht te worden genomen:</Al>
                           <Lijst eId="chp_2__subchp_2.2__art_2.7__para_2_inst2__list_o_1"
                                  type="expliciet"
                                  wId="gm0297_1__chp_2__subchp_2.2__art_2.7__para_2__list_o_1">
                              <Li eId="chp_2__subchp_2.2__art_2.7__para_2_inst2__list_o_1__item_a"
                                  wId="gm0297_1__chp_2__subchp_2.2__art_2.7__para_2__list_o_1__item_a">
                                 <LiNummer>a.</LiNummer>
                                 <Al>de aanvraag dient te worden ingediend door middel van het inzenden van het bij deze regels behorende Formulier Aanvraag omgevingsvergunning;</Al>
                              </Li>
                              <Li eId="chp_2__subchp_2.2__art_2.7__para_2_inst2__list_o_1__item_b"
                                  wId="gm0297_1__chp_2__subchp_2.2__art_2.7__para_2__list_o_1__item_b">
                                 <LiNummer>b.</LiNummer>
                                 <Al>toegevoegd moet worden een terreininrichtingstekening;</Al>
                              </Li>
                              <Li eId="chp_2__subchp_2.2__art_2.7__para_2_inst2__list_o_1__item_c"
                                  wId="gm0297_1__chp_2__subchp_2.2__art_2.7__para_2__list_o_1__item_c">
                                 <LiNummer>c.</LiNummer>
                                 <Al>toegevoegd moet worden een RisicoEffectRapportage.</Al>
                              </Li>
                           </Lijst>
                        </Inhoud>
                     </Lid>
                  </Artikel>
               </Vervang>
               <Verwijder wat="gm0297_1__chp_2__subchp_2.5__art_2.14">
                  <Nummer>D</Nummer>
                  <Wat>Artikel 2.14 wordt verwijderd:</Wat>
                  <Artikel eId="chp_2__subchp_2.5__art_2.14_inst2"
                           wId="gm0297_1__chp_2__subchp_2.5__art_2.14">
                     <Kop>
                        <Label>Artikel</Label>
                        <Nummer>2.14</Nummer>
                        <Opschrift>Bouwregels bedrijfsgebouwen</Opschrift>
                     </Kop>
                     <Inhoud>
                        <Lijst eId="chp_2__subchp_2.5__art_2.14__list_o_1_inst2"
                               wId="gm0297_1__chp_2__subchp_2.5__art_2.14__list_o_1"
                               type="expliciet">
                           <Lijstaanhef>Voor het bouwen en instandhouden van
                                        bedrijfsgebouwen gelden de volgende
                                        regels:</Lijstaanhef>
                           <Li eId="chp_2__subchp_2.5__art_2.14__list_o_1__item_a_inst2"
                               wId="gm0297_1__chp_2__subchp_2.5__art_2.14__list_o_1__item_a">
                              <LiNummer>a.</LiNummer>
                              <Al>Een bedrijfsgebouw moet worden gesitueerd binnen
                                            het werkingsgebied 'bouwactiviteit
                                            toegestaan'.</Al>
                           </Li>
                           <Li eId="chp_2__subchp_2.5__art_2.14__list_o_1__item_b_inst2"
                               wId="gm0297_1__chp_2__subchp_2.5__art_2.14__list_o_1__item_b">
                              <LiNummer>b.</LiNummer>
                              <Al>De maximum oppervlakte van een bedrijfsgebouw is
                                            gelijk aan het werkingsgebied 'maximum
                                            oppervlakte'.</Al>
                           </Li>
                           <Li eId="chp_2__subchp_2.5__art_2.14__list_o_1__item_c_inst2"
                               wId="gm0297_1__chp_2__subchp_2.5__art_2.14__list_o_1__item_c">
                              <LiNummer>c.</LiNummer>
                              <Al>De maximum goothoogte van een bedrijfsgebouw is
                                            de ter plaatse van het werkingsgebied 'maximum
                                            goothoogte bedrijfsgebouw' bepaalde waarde.</Al>
                           </Li>
                           <Li eId="chp_2__subchp_2.5__art_2.14__list_o_1__item_d_inst2"
                               wId="gm0297_1__chp_2__subchp_2.5__art_2.14__list_o_1__item_d">
                              <LiNummer>d.</LiNummer>
                              <Al>De maximum bouwhoogte van een bedrijfsgebouw is
                                            de ter plaatse van het werkingsgebied '<IntIoRef eId="chp_2__subchp_2.5__art_2.14__list_o_1__item_d__ref_o_1_inst2"
                                           wId="gm0297_1__chp_2__subchp_2.5__art_2.14__list_o_1__item_d__ref_o_1"
                                           ref="gm0297_1__cmp_I__content_o_1__list_o_1__item_o_4__ref_o_1">maximum bouwhoogte bedrijfsgebouw</IntIoRef>'
                                            bepaalde waarde.</Al>
                           </Li>
                           <Li eId="chp_2__subchp_2.5__art_2.14__list_o_1__item_e_inst2"
                               wId="gm0297_1__chp_2__subchp_2.5__art_2.14__list_o_1__item_e">
                              <LiNummer>e.</LiNummer>
                              <Al>Binnen het werkingsgebied bouwactiviteit
                                            toegestaan bedraagt de afstand tussen een
                                            bedrijfsgebouw en de zijdelingse perceelsgrens ten
                                            minste 3 meter.</Al>
                           </Li>
                        </Lijst>
                     </Inhoud>
                  </Artikel>
               </Verwijder>
               <VoegToe context="gm0297_1__chp_2__subchp_2.5__art_2.13" positie="volgtOp">
                  <Nummer>E</Nummer>
                  <Wat>Na artikel 2.13 wordt een artikel ingevoegd, luidende:</Wat>
                  <Artikel eId="chp_2__subchp_2.5__art_2.14"
                           wId="gm0297_2__chp_2__subchp_2.5__art_2.14">
                     <Kop>
                        <Label>Artikel</Label>
                        <Nummer>2.14</Nummer>
                        <Opschrift>Bouwregels bedrijfsgebouwen</Opschrift>
                     </Kop>
                     <Inhoud>
                        <Lijst eId="chp_2__subchp_2.5__art_2.14__list_o_1"
                               wId="gm0297_2__chp_2__subchp_2.5__art_2.14__list_o_1"
                               type="expliciet">
                           <Lijstaanhef>Voor het bouwen en instandhouden van
                                        bedrijfsgebouwen gelden de volgende
                                        regels:</Lijstaanhef>
                           <Li eId="chp_2__subchp_2.5__art_2.14__list_o_1__item_a"
                               wId="gm0297_2__chp_2__subchp_2.5__art_2.14__list_o_1__item_a">
                              <LiNummer>a.</LiNummer>
                              <Al>Een bedrijfsgebouw moet worden gesitueerd binnen
                                            het werkingsgebied 'bouwactiviteit
                                            toegestaan'.</Al>
                           </Li>
                           <Li eId="chp_2__subchp_2.5__art_2.14__list_o_1__item_b"
                               wId="gm0297_2__chp_2__subchp_2.5__art_2.14__list_o_1__item_b">
                              <LiNummer>b.</LiNummer>
                              <Al>De maximum oppervlakte van een bedrijfsgebouw is
                                            gelijk aan het werkingsgebied 'maximum
                                            oppervlakte'.</Al>
                           </Li>
                           <Li eId="chp_2__subchp_2.5__art_2.14__list_o_1__item_c"
                               wId="gm0297_2__chp_2__subchp_2.5__art_2.14__list_o_1__item_c">
                              <LiNummer>c.</LiNummer>
                              <Al>De maximum goothoogte van een bedrijfsgebouw is
                                            de ter plaatse van het werkingsgebied 'maximum
                                            goothoogte bedrijfsgebouw' bepaalde waarde.</Al>
                           </Li>
                           <Li eId="chp_2__subchp_2.5__art_2.14__list_o_1__item_d"
                               wId="gm0297_2__chp_2__subchp_2.5__art_2.14__list_o_1__item_d">
                              <LiNummer>d.</LiNummer>
                              <Al>De maximum bouwhoogte van een bedrijfsgebouw is
                                            de ter plaatse van het werkingsgebied '<IntIoRef eId="chp_2__subchp_2.5__art_2.14__list_o_1__item_d__ref_o_1"
                                           wId="gm0297_2__chp_2__subchp_2.5__art_2.14__list_o_1__item_d__ref_o_1"
                                           ref="gm0297_1__cmp_I__content_o_1__list_o_1__item_o_4__ref_o_1">maximum bouwhoogte bedrijfsgebouw</IntIoRef>'
                                            bepaalde waarde.</Al>
                           </Li>
                           <Li eId="chp_2__subchp_2.5__art_2.14__list_o_1__item_e"
                               wId="gm0297_2__chp_2__subchp_2.5__art_2.14__list_o_1__item_e">
                              <LiNummer>e.</LiNummer>
                              <Al>Binnen het werkingsgebied bouwactiviteit
                                            toegestaan bedraagt de afstand tussen een
                                            bedrijfsgebouw en de zijdelingse perceelsgrens ten
                                            minste 3 meter.</Al>
                           </Li>
                        </Lijst>
                     </Inhoud>
                  </Artikel>
               </VoegToe>
               <Vervang wat="gm0297_1__cmp_I">
                  <Bijlage eId="cmp_I" wId="gm0297_1__cmp_I">
                     <Kop>
                        <Label>Bijlage</Label>
                        <Nummer>I</Nummer>
                        <Opschrift>Overzicht Informatieobjecten</Opschrift>
                     </Kop>
                     <Divisietekst eId="cmp_I__content_o_1" wId="gm0297_1__cmp_I__content_o_1">
                        <Inhoud>
                           <Al>;</Al>
                        </Inhoud>
                     </Divisietekst>
                  </Bijlage>
               </Vervang>
            </RegelingMutatie>
         </WijzigBijlage>
      </BesluitCompact>
   </BesluitVersie>
   <RegelingVersieInformatie>
      <ExpressionIdentificatie xmlns="https://standaarden.overheid.nl/stop/imop/data/">
         <data:FRBRWork xmlns:data="https://standaarden.overheid.nl/stop/imop/data/">/akn/nl/act/gm0297/2019/LVBB4015-20210428051027</data:FRBRWork>
         <data:FRBRExpression xmlns:data="https://standaarden.overheid.nl/stop/imop/data/">/akn/nl/act/gm0297/2019/LVBB4015-20210428051027/nld@2021-01-15;2</data:FRBRExpression>
         <soortWork>/join/id/stop/work_019</soortWork>
      </ExpressionIdentificatie>
      <RegelingVersieMetadata xmlns="https://standaarden.overheid.nl/stop/imop/data/">
         <versienummer>2</versienummer>
      </RegelingVersieMetadata>
      <RegelingMetadata xmlns="https://standaarden.overheid.nl/stop/imop/data/">
         <eindverantwoordelijke>/tooi/id/gemeente/gm0297</eindverantwoordelijke>
         <maker>/tooi/id/gemeente/gm0297</maker>
         <!--soortBestuursorgaan is 'gemeenteraad'.-->
         <soortBestuursorgaan>/tooi/def/thes/kern/c_2a7d8663</soortBestuursorgaan>
         <officieleTitel>Gemeentestad Omgevingsplan wijziging regeltekst (mutatiescenario2)</officieleTitel>
         <onderwerpen>
            <onderwerp>/tooi/def/concept/c_9d1917e9</onderwerp>
         </onderwerpen>
         <rechtsgebieden>
            <rechtsgebied>/tooi/def/concept/c_8ad05f6d</rechtsgebied>
         </rechtsgebieden>
         <soortRegeling>/join/id/stop/regelingtype_003</soortRegeling>
         <!-- Omgevingsplan -->
      </RegelingMetadata>
   </RegelingVersieInformatie>
</AanleveringBesluit>
