<?xml version="1.0" encoding="UTF-8"?>
<publicatieOpdracht 
  xmlns:xsi="http://www.w3.org/2001/XMLSchema-instance"
  xmlns="http://www.overheid.nl/2017/lvbb"
  xsi:schemaLocation="http://www.overheid.nl/2017/lvbb ../lvbb/lvbb-transport.xsd">
<idLevering>id-publicatie-LVBB4200-9911</idLevering>
  <idBevoegdGezag>00000001812579446000</idBevoegdGezag> 
  <idAanleveraar>00000003560458830000</idAanleveraar>
  <publicatie>Mutatie_besluit_eerstewijziging.xml</publicatie>
  <datumBekendmaking>2022-01-22</datumBekendmaking>
</publicatieOpdracht>
