<?xml version="1.0" encoding="utf-8"?>
<ow-dc:owBestand xmlns:xsi="http://www.w3.org/2001/XMLSchema-instance"
                 xmlns:xlink="http://www.w3.org/1999/xlink"
                 xmlns:da="http://www.geostandaarden.nl/imow/datatypenalgemeen"
                 xmlns:sl="http://www.geostandaarden.nl/bestanden-ow/standlevering-generiek"
                 xmlns:ow-dc="http://www.geostandaarden.nl/imow/bestanden/deelbestand"
                 xmlns:rol="http://www.geostandaarden.nl/imow/regelsoplocatie"
                 xmlns:l="http://www.geostandaarden.nl/imow/locatie"
                 xmlns:rkow="http://www.geostandaarden.nl/imow/regeltekstkoppelingow/"
                 xmlns:r="http://www.geostandaarden.nl/imow/regels"
                 xmlns:ow="http://www.geostandaarden.nl/imow/owobject"
                 xsi:schemaLocation="http://www.geostandaarden.nl/imow/bestanden/deelbestand https://register.geostandaarden.nl/xmlschema/tpod/v2.0.0/bestanden-ow/deelbestand-ow/IMOW_Deelbestand.xsd">
   <sl:standBestand>
      <sl:dataset>Gemeentestad</sl:dataset>
      <sl:inhoud>
         <sl:gebied>Gemeentestad</sl:gebied>
         <sl:leveringsId>abc-20190221-0801-AFBREEK-STOP0018-0-20210920051623</sl:leveringsId>
         <sl:objectTypen>
            <sl:objectType>Omgevingsnorm</sl:objectType>
            <sl:objectType>Omgevingswaarde</sl:objectType>
         </sl:objectTypen>
      </sl:inhoud>
      <sl:stand>
         <ow-dc:owObject>
            <rol:Omgevingswaarde>
               <rol:identificatie>nl.imow-gm0297.omgevingswaarde.201900000120210920051623</rol:identificatie>
               <rol:naam>fijnstof</rol:naam>
               <rol:type>http://standaarden.omgevingswet.overheid.nl/typenorm/id/concept/Volume</rol:type>
               <!--klopt niet, maar waardelijst bevat gewenste waarde nog niet-->
               <rol:normwaarde>
                  <rol:Normwaarde>
                     <rol:identificatie>nl.imow-gm0297.normwaarde.201900000120210920051623</rol:identificatie>
                     <rol:waardeInRegeltekst>waarde staat in regeltekst</rol:waardeInRegeltekst>
                     <rol:locatieaanduiding>
                        <l:LocatieRef xlink:href="nl.imow-gm0297.gebiedengroep.zuilichem20210920051623"/>
                     </rol:locatieaanduiding>
                  </rol:Normwaarde>
               </rol:normwaarde>
               <rol:groep>http://standaarden.omgevingswet.overheid.nl/omgevingswaarde/id/concept/Luchtkwaliteit</rol:groep>
            </rol:Omgevingswaarde>
         </ow-dc:owObject>
      </sl:stand>
      <sl:stand>
         <ow-dc:owObject>
            <rol:Omgevingsnorm>
               <rol:identificatie>nl.imow-gm0297.omgevingsnorm.201900000220210920051623</rol:identificatie>
               <rol:naam>maximum bouwhoogte bedrijfsgebouw</rol:naam>
               <rol:type>http://standaarden.omgevingswet.overheid.nl/typenorm/id/concept/MaximumBouwhoogte</rol:type>
               <rol:eenheid>http://standaarden.omgevingswet.overheid.nl/eenheid/id/concept/Meter</rol:eenheid>
               <rol:normwaarde>
                  <rol:Normwaarde>
                     <rol:identificatie>nl.imow-gm0297.normwaarde.201900000220210920051623</rol:identificatie>
                     <rol:kwantitatieveWaarde>13</rol:kwantitatieveWaarde>
                     <rol:locatieaanduiding>
                        <l:LocatieRef xlink:href="nl.imow-gm0297.gebied.201900001020210920051623"/>
                        <!--Z3-->
                        <l:LocatieRef xlink:href="nl.imow-gm0297.gebied.201900001320210920051623"/>
                     </rol:locatieaanduiding>
                  </rol:Normwaarde>
                  <rol:Normwaarde>
                     <rol:identificatie>nl.imow-gm0297.normwaarde.201900000320210920051623</rol:identificatie>
                     <rol:kwantitatieveWaarde>7</rol:kwantitatieveWaarde>
                     <rol:locatieaanduiding>
                        <l:LocatieRef xlink:href="nl.imow-gm0297.gebied.201900000820210920051623"/>
                        <!--Z1-->
                        <l:LocatieRef xlink:href="nl.imow-gm0297.gebied.201900000920210920051623"/>
                        <!--Z2-->
                     </rol:locatieaanduiding>
                  </rol:Normwaarde>
               </rol:normwaarde>
               <rol:groep>http://standaarden.omgevingswet.overheid.nl/omgevingsnorm/id/concept/Bouwaanduiding</rol:groep>
            </rol:Omgevingsnorm>
         </ow-dc:owObject>
      </sl:stand>
      <sl:stand>
         <ow-dc:owObject>
            <rol:Omgevingsnorm>
               <rol:identificatie>nl.imow-gm0297.omgevingsnorm.201900000320210920051623</rol:identificatie>
               <rol:naam>welstandsniveau</rol:naam>
               <rol:type>http://standaarden.omgevingswet.overheid.nl/typenorm/id/concept/MaximumBouwhoogte</rol:type>
               <!--klopt niet, maar waardelijst bevat gewenste waarde nog niet-->
               <rol:normwaarde>
                  <rol:Normwaarde>
                     <rol:identificatie>nl.imow-gm0297.normwaarde.201900000420210920051623</rol:identificatie>
                     <rol:kwalitatieveWaarde>laag</rol:kwalitatieveWaarde>
                     <rol:locatieaanduiding>
                        <l:LocatieRef xlink:href="nl.imow-gm0297.gebied.201900001520210920051623"/>
                        <!--Zone B-->
                     </rol:locatieaanduiding>
                  </rol:Normwaarde>
                  <rol:Normwaarde>
                     <rol:identificatie>nl.imow-gm0297.normwaarde.201900000520210920051623</rol:identificatie>
                     <rol:kwalitatieveWaarde>midden</rol:kwalitatieveWaarde>
                     <rol:locatieaanduiding>
                        <l:LocatieRef xlink:href="nl.imow-gm0297.gebied.201900001420210920051623"/>
                        <!--Zone A-->
                     </rol:locatieaanduiding>
                  </rol:Normwaarde>
                  <rol:Normwaarde>
                     <rol:identificatie>nl.imow-gm0297.normwaarde.201900000620210920051623</rol:identificatie>
                     <rol:kwalitatieveWaarde>hoog</rol:kwalitatieveWaarde>
                     <rol:locatieaanduiding>
                        <l:LocatieRef xlink:href="nl.imow-gm0297.gebied.201900001620210920051623"/>
                        <!--Centrumgebied-->
                     </rol:locatieaanduiding>
                  </rol:Normwaarde>
               </rol:normwaarde>
               <rol:groep>http://standaarden.omgevingswet.overheid.nl/omgevingsnorm/id/concept/Bouwaanduiding</rol:groep>
            </rol:Omgevingsnorm>
         </ow-dc:owObject>
      </sl:stand>
   </sl:standBestand>
</ow-dc:owBestand>
