<?xml version="1.0" encoding="utf-8"?>
<Aanleveringen xmlns:xsi="http://www.w3.org/2001/XMLSchema-instance"
               xmlns="http://www.geostandaarden.nl/bestanden-ow/manifest-ow"
               xsi:schemaLocation="http://www.geostandaarden.nl/bestanden-ow/manifest-ow https://register.geostandaarden.nl/xmlschema/tpod/v1.0.2/bestanden-ow/generiek/manifest-ow.xsd">
   <domein>omgevingswet</domein>
   <Aanlevering>
      <manifest-ow:WorkIDRegeling xmlns:manifest-ow="http://www.geostandaarden.nl/bestanden-ow/manifest-ow">/akn/nl/act/gm0297/2019/STOP0026-AFBREEK-20210914050426_2</manifest-ow:WorkIDRegeling>
      <manifest-ow:DoelID xmlns:manifest-ow="http://www.geostandaarden.nl/bestanden-ow/manifest-ow">/join/id/proces/gm0297/2020/STOP0026-20210914050426</manifest-ow:DoelID>
      <Bestand>
         <naam>owRegeltekst.xml</naam>
         <objecttype>Regeltekst</objecttype>
      </Bestand>
   </Aanlevering>
</Aanleveringen>
