<?xml version="1.0" encoding="utf-8"?>
<ow-dc:owBestand xmlns:xsi="http://www.w3.org/2001/XMLSchema-instance"
                 xmlns:xlink="http://www.w3.org/1999/xlink"
                 xmlns:ga="http://www.geostandaarden.nl/imow/gebiedsaanwijzing"
                 xmlns:da="http://www.geostandaarden.nl/imow/datatypenalgemeen"
                 xmlns:sl="http://www.geostandaarden.nl/bestanden-ow/standlevering-generiek"
                 xmlns:ow-dc="http://www.geostandaarden.nl/imow/bestanden/deelbestand"
                 xmlns:ow="http://www.geostandaarden.nl/imow/owobject"
                 xmlns:rol="http://www.geostandaarden.nl/imow/regelsoplocatie"
                 xmlns:l="http://www.geostandaarden.nl/imow/locatie"
                 xmlns:r="http://www.geostandaarden.nl/imow/regels"
                 xmlns:k="http://www.geostandaarden.nl/imow/kaart"
                 xsi:schemaLocation="http://www.geostandaarden.nl/imow/bestanden/deelbestand https://register.geostandaarden.nl/xmlschema/tpod/v2.0.0/bestanden-ow/deelbestand-ow/IMOW_Deelbestand.xsd">
   <sl:standBestand>
      <sl:dataset>Gemeentestad</sl:dataset>
      <sl:inhoud>
         <sl:gebied>Gemeentestad</sl:gebied>
         <sl:leveringsId>id-wijziging-2-AFBREEK-STOP0017-1-20210907033047</sl:leveringsId>
         <sl:objectTypen>
            <sl:objectType>Regeltekst</sl:objectType>
         </sl:objectTypen>
      </sl:inhoud>
      <sl:stand>
         <ow-dc:owObject>
            <r:Regeltekst wId="gm0297_2__chp_2__subchp_2.2__art_2.5__para_1">
               <r:identificatie>nl.imow-gm0297.regeltekst.201900000420210907033047</r:identificatie>
            </r:Regeltekst>
         </ow-dc:owObject>
      </sl:stand>
   </sl:standBestand>
</ow-dc:owBestand>
