<?xml version="1.0" encoding="utf-8"?>
<ow-dc:owBestand xmlns:ow-dc="http://www.geostandaarden.nl/imow/bestanden/deelbestand"
                 xmlns:ow="http://www.geostandaarden.nl/imow/owobject"
                 xmlns:da="http://www.geostandaarden.nl/imow/datatypenalgemeen"
                 xmlns:sl="http://www.geostandaarden.nl/bestanden-ow/standlevering-generiek"
                 xmlns:ga="http://www.geostandaarden.nl/imow/gebiedsaanwijzing"
                 xmlns:k="http://www.geostandaarden.nl/imow/kaart"
                 xmlns:l="http://www.geostandaarden.nl/imow/locatie"
                 xmlns:p="http://www.geostandaarden.nl/imow/pons"
                 xmlns:r="http://www.geostandaarden.nl/imow/regels"
                 xmlns:rol="http://www.geostandaarden.nl/imow/regelsoplocatie"
                 xmlns:vt="http://www.geostandaarden.nl/imow/vrijetekst"
                 xmlns:xlink="http://www.w3.org/1999/xlink"
                 xmlns:xsi="http://www.w3.org/2001/XMLSchema-instance"
                 xsi:schemaLocation="http://www.geostandaarden.nl/imow/bestanden/deelbestand https://register.geostandaarden.nl/xmlschema/tpod/v1.0.3/bestanden-ow/deelbestand-ow/IMOW_Deelbestand.xsd">
   <sl:standBestand>
      <sl:dataset>Gemeentestad</sl:dataset>
      <sl:inhoud>
         <sl:gebied>Gemeentestad</sl:gebied>
         <sl:leveringsId>id-publicatie-OZON0076-20210616013041</sl:leveringsId>
         <sl:objectTypen>
            <sl:objectType>Gebied</sl:objectType>
            <sl:objectType>Gebiedengroep</sl:objectType>
            <sl:objectType>Punt</sl:objectType>
            <sl:objectType>Puntengroep</sl:objectType>
            <sl:objectType>Lijn</sl:objectType>
            <sl:objectType>Lijnengroep</sl:objectType>
         </sl:objectTypen>
      </sl:inhoud>
      <sl:stand>
         <ow-dc:owObject>
            <l:Puntengroep>
               <l:identificatie>nl.imow-gm0297.puntengroep.0000120210616013041</l:identificatie>
               <l:groepselement>
                  <l:PuntRef xlink:href="nl.imow-gm0297.punt.0000120210616013041"/>
                  <l:PuntRef xlink:href="nl.imow-gm0297.punt.0000220210616013041"/>
               </l:groepselement>
            </l:Puntengroep>
         </ow-dc:owObject>
      </sl:stand>
      <sl:stand>
         <ow-dc:owObject>
            <l:Punt>
               <l:identificatie>nl.imow-gm0297.punt.0000120210616013041</l:identificatie>
               <l:noemer>punt 1</l:noemer>
               <l:geometrie>
                  <l:GeometrieRef xlink:href="945f8f94-d52a-4091-a0e7-a86aa86a467d"/>
               </l:geometrie>
            </l:Punt>
         </ow-dc:owObject>
      </sl:stand>
      <sl:stand>
         <ow-dc:owObject>
            <l:Punt>
               <l:identificatie>nl.imow-gm0297.punt.0000220210616013041</l:identificatie>
               <l:noemer>punt 2</l:noemer>
               <l:geometrie>
                  <l:GeometrieRef xlink:href="7aac7d8e-9a0d-4fb7-9db6-5e92aa646e84"/>
               </l:geometrie>
            </l:Punt>
         </ow-dc:owObject>
      </sl:stand>
      <sl:stand>
         <ow-dc:owObject>
            <l:Lijnengroep>
               <l:identificatie>nl.imow-gm0297.lijnengroep.0000120210616013041</l:identificatie>
               <l:groepselement>
                  <l:LijnRef xlink:href="nl.imow-gm0297.lijn.0000120210616013041"/>
                  <l:LijnRef xlink:href="nl.imow-gm0297.lijn.0000220210616013041"/>
               </l:groepselement>
            </l:Lijnengroep>
         </ow-dc:owObject>
      </sl:stand>
      <sl:stand>
         <ow-dc:owObject>
            <l:Lijn>
               <l:identificatie>nl.imow-gm0297.lijn.0000120210616013041</l:identificatie>
               <l:noemer>lijn 1</l:noemer>
               <l:geometrie>
                  <l:GeometrieRef xlink:href="9cd20f43-62e6-463b-9eb8-97e49494a1dc"/>
               </l:geometrie>
            </l:Lijn>
         </ow-dc:owObject>
      </sl:stand>
      <sl:stand>
         <ow-dc:owObject>
            <l:Lijn>
               <l:identificatie>nl.imow-gm0297.lijn.0000220210616013041</l:identificatie>
               <l:noemer>lijn 2</l:noemer>
               <l:geometrie>
                  <l:GeometrieRef xlink:href="04633c23-85ee-46de-8e39-ea2c7d2cbef0"/>
               </l:geometrie>
            </l:Lijn>
         </ow-dc:owObject>
      </sl:stand>
      <sl:stand>
         <ow-dc:owObject>
            <l:Gebiedengroep>
               <l:identificatie>nl.imow-gm0297.gebiedengroep.0000120210616013041</l:identificatie>
               <l:groepselement>
                  <l:GebiedRef xlink:href="nl.imow-gm0297.gebied.0000120210616013041"/>
                  <l:GebiedRef xlink:href="nl.imow-gm0297.gebied.0000220210616013041"/>
               </l:groepselement>
            </l:Gebiedengroep>
         </ow-dc:owObject>
      </sl:stand>
      <sl:stand>
         <ow-dc:owObject>
            <l:Gebied>
               <l:identificatie>nl.imow-gm0297.gebied.0000120210616013041</l:identificatie>
               <l:noemer>Goed gebied 1</l:noemer>
               <l:geometrie>
                  <l:GeometrieRef xlink:href="9ae7c965-3f81-4f0d-b219-f5aa2af19dfd"/>
               </l:geometrie>
            </l:Gebied>
         </ow-dc:owObject>
      </sl:stand>
      <sl:stand>
         <ow-dc:owObject>
            <l:Gebied>
               <l:identificatie>nl.imow-gm0297.gebied.0000220210616013041</l:identificatie>
               <l:noemer>Goed gebied 2</l:noemer>
               <l:geometrie>
                  <l:GeometrieRef xlink:href="3c3b3e03-fca0-4846-b7bd-bd269aba6c52"/>
               </l:geometrie>
            </l:Gebied>
         </ow-dc:owObject>
      </sl:stand>
   </sl:standBestand>
</ow-dc:owBestand>
