<?xml version="1.0" encoding="utf-8"?>
<ow-dc:owBestand xmlns:ow-dc="http://www.geostandaarden.nl/imow/bestanden/deelbestand"
                 xmlns:ow="http://www.geostandaarden.nl/imow/owobject"
                 xmlns:da="http://www.geostandaarden.nl/imow/datatypenalgemeen"
                 xmlns:sl="http://www.geostandaarden.nl/bestanden-ow/standlevering-generiek"
                 xmlns:ga="http://www.geostandaarden.nl/imow/gebiedsaanwijzing"
                 xmlns:k="http://www.geostandaarden.nl/imow/kaart"
                 xmlns:l="http://www.geostandaarden.nl/imow/locatie"
                 xmlns:p="http://www.geostandaarden.nl/imow/pons"
                 xmlns:r="http://www.geostandaarden.nl/imow/regels"
                 xmlns:rol="http://www.geostandaarden.nl/imow/regelsoplocatie"
                 xmlns:vt="http://www.geostandaarden.nl/imow/vrijetekst"
                 xmlns:xlink="http://www.w3.org/1999/xlink"
                 xmlns:xsi="http://www.w3.org/2001/XMLSchema-instance"
                 xsi:schemaLocation="http://www.geostandaarden.nl/imow/bestanden/deelbestand https://register.geostandaarden.nl/xmlschema/tpod/v1.0.3/bestanden-ow/deelbestand-ow/IMOW_Deelbestand.xsd">
   <sl:standBestand>
      <sl:dataset>Gemeente Leiden</sl:dataset>
      <sl:inhoud>
         <sl:gebied>Gemeente Leiden</sl:gebied>
         <sl:leveringsId>id-publicatie-OZON-OZON0211-0-20210909021440</sl:leveringsId>
         <sl:objectTypen>
            <sl:objectType>Divisie</sl:objectType>
            <sl:objectType>Tekstdeel</sl:objectType>
         </sl:objectTypen>
      </sl:inhoud>
      <!-- FOUT OZON 0211	Een levering mag niet de relatie tussen een divisie en de bijbehorende (OP-)divisie verbreken. -->
      <sl:stand>
         <ow-dc:owObject>
            <vt:Divisie wId="gm0546_1__div_o_1FOUT">
               <vt:identificatie>nl.imow-gm0546.divisie.0000120210909021440</vt:identificatie>
            </vt:Divisie>
         </ow-dc:owObject>
      </sl:stand>
      <sl:stand>
         <ow-dc:owObject>
            <vt:Tekstdeel><!-- deze behouden, bevat ook locatie gebied Leiden -->
               <vt:identificatie>nl.imow-gm0546.tekstdeel.0000120210909021440</vt:identificatie>
               <vt:idealisatie>http://standaarden.omgevingswet.overheid.nl/idealisatie/id/concept/Exact</vt:idealisatie>
               <vt:divisieaanduiding>
                  <vt:DivisieRef xlink:href="nl.imow-gm0546.divisie.0000120210909021440"/>
               </vt:divisieaanduiding>
               <vt:hoofdlijnaanduiding>
                  <vt:HoofdlijnRef xlink:href="nl.imow-gm0546.hoofdlijn.0000120210909021440"><!--Visie|Visie Leiden--></vt:HoofdlijnRef>
               </vt:hoofdlijnaanduiding>
               <vt:locatieaanduiding>
                  <l:LocatieRef xlink:href="nl.imow-gm0546.gebied.0000120210909021440"/>
               </vt:locatieaanduiding>
               <vt:gebiedsaanwijzing>
                  <ga:GebiedsaanwijzingRef xlink:href="nl.imow-gm0546.gebiedsaanwijzing.0000120210909021440"/>
               </vt:gebiedsaanwijzing>
            </vt:Tekstdeel>
         </ow-dc:owObject>
      </sl:stand>
   </sl:standBestand>
</ow-dc:owBestand>
