<?xml version="1.0" encoding="utf-8"?>
<ow-dc:owBestand xmlns:ow-dc="http://www.geostandaarden.nl/imow/bestanden/deelbestand"
                 xmlns:ow="http://www.geostandaarden.nl/imow/owobject"
                 xmlns:da="http://www.geostandaarden.nl/imow/datatypenalgemeen"
                 xmlns:sl="http://www.geostandaarden.nl/bestanden-ow/standlevering-generiek"
                 xmlns:ga="http://www.geostandaarden.nl/imow/gebiedsaanwijzing"
                 xmlns:k="http://www.geostandaarden.nl/imow/kaart"
                 xmlns:l="http://www.geostandaarden.nl/imow/locatie"
                 xmlns:p="http://www.geostandaarden.nl/imow/pons"
                 xmlns:r="http://www.geostandaarden.nl/imow/regels"
                 xmlns:rol="http://www.geostandaarden.nl/imow/regelsoplocatie"
                 xmlns:vt="http://www.geostandaarden.nl/imow/vrijetekst"
                 xmlns:xlink="http://www.w3.org/1999/xlink"
                 xmlns:xsi="http://www.w3.org/2001/XMLSchema-instance"
                 xsi:schemaLocation="http://www.geostandaarden.nl/imow/bestanden/deelbestand https://register.geostandaarden.nl/xmlschema/tpod/v1.0.3/bestanden-ow/deelbestand-ow/IMOW_Deelbestand.xsd">
   <sl:standBestand>
      <sl:dataset>Gemeentestad</sl:dataset>
      <sl:inhoud>
         <sl:gebied>Gemeentestad</sl:gebied>
         <sl:leveringsId>id-publicatie-OZON0070-20210510123425</sl:leveringsId>
         <sl:objectTypen>
            <sl:objectType>Gebied</sl:objectType>
            <sl:objectType>Gebiedengroep</sl:objectType>
            <sl:objectType>Punt</sl:objectType>
            <sl:objectType>Puntengroep</sl:objectType>
            <sl:objectType>Lijn</sl:objectType>
            <sl:objectType>Lijnengroep</sl:objectType>
         </sl:objectTypen>
      </sl:inhoud>
      <sl:stand>
         <ow-dc:owObject>
            <l:Puntengroep>
               <l:identificatie>nl.imow-gm0297.puntengroep.0000120210510123425</l:identificatie>
               <l:groepselement>
                  <l:PuntRef xlink:href="nl.imow-gm0297.punt.0000120210510123425"/>
                  <l:PuntRef xlink:href="nl.imow-gm0297.punt.0000220210510123425"/>
               </l:groepselement>
            </l:Puntengroep>
         </ow-dc:owObject>
      </sl:stand>
      <sl:stand>
         <ow-dc:owObject>
            <l:Punt>
               <l:identificatie>nl.imow-gm0297.punt.0000120210510123425</l:identificatie>
               <l:noemer>punt 1</l:noemer>
               <l:geometrie>
                  <l:GeometrieRef xlink:href="d83f3984-9a3b-4fc4-afcb-b9d08f58a3af"/>
               </l:geometrie>
            </l:Punt>
         </ow-dc:owObject>
      </sl:stand>
      <sl:stand>
         <ow-dc:owObject>
            <l:Punt>
               <l:identificatie>nl.imow-gm0297.punt.0000220210510123425</l:identificatie>
               <l:noemer>punt 2</l:noemer>
               <l:geometrie>
                  <l:GeometrieRef xlink:href="d46b31fc-3ea3-4eda-84f5-b9676650fe44"/>
               </l:geometrie>
            </l:Punt>
         </ow-dc:owObject>
      </sl:stand>
      <sl:stand>
         <ow-dc:owObject>
            <l:Lijnengroep>
               <l:identificatie>nl.imow-gm0297.lijnengroep.0000120210510123425</l:identificatie>
               <l:groepselement>
                  <l:LijnRef xlink:href="nl.imow-gm0297.lijn.0000120210510123425"/>
                  <l:LijnRef xlink:href="nl.imow-gm0297.lijn.0000220210510123425"/>
               </l:groepselement>
            </l:Lijnengroep>
         </ow-dc:owObject>
      </sl:stand>
      <sl:stand>
         <ow-dc:owObject>
            <l:Lijn>
               <l:identificatie>nl.imow-gm0297.lijn.0000120210510123425</l:identificatie>
               <l:noemer>lijn 1</l:noemer>
               <l:geometrie>
                  <l:GeometrieRef xlink:href="7661ef6b-e05e-4598-8451-d4d015e6e41c"/>
               </l:geometrie>
            </l:Lijn>
         </ow-dc:owObject>
      </sl:stand>
      <sl:stand>
         <ow-dc:owObject>
            <l:Lijn>
               <l:identificatie>nl.imow-gm0297.lijn.0000220210510123425</l:identificatie>
               <l:noemer>lijn 2</l:noemer>
               <l:geometrie>
                  <l:GeometrieRef xlink:href="9e797196-dbce-43cf-a792-02ca2e61410a"/>
               </l:geometrie>
            </l:Lijn>
         </ow-dc:owObject>
      </sl:stand>
      <sl:stand>
         <ow-dc:owObject>
            <l:Gebiedengroep>
               <l:identificatie>nl.imow-gm0297.gebiedengroep.0000120210510123425</l:identificatie>
               <l:groepselement>
                  <l:GebiedRef xlink:href="nl.imow-gm0297.gebied.0000120210510123425"/>
                  <l:GebiedRef xlink:href="nl.imow-gm0297.gebied.0000220210510123425"/>
               </l:groepselement>
            </l:Gebiedengroep>
         </ow-dc:owObject>
      </sl:stand>
      <sl:stand>
         <ow-dc:owObject>
            <l:Gebied>
               <l:identificatie>nl.imow-gm0297.gebied.0000120210510123425</l:identificatie>
               <l:noemer>Goed gebied 1</l:noemer>
               <l:geometrie>
                  <l:GeometrieRef xlink:href="24fb6551-0474-454b-9875-8655105b2764"/>
               </l:geometrie>
            </l:Gebied>
         </ow-dc:owObject>
      </sl:stand>
      <sl:stand>
         <ow-dc:owObject>
            <l:Gebied>
               <l:identificatie>nl.imow-gm0297.gebied.0000220210510123425</l:identificatie>
               <l:noemer>Goed gebied 2</l:noemer>
               <l:geometrie>
                  <l:GeometrieRef xlink:href="80881cee-23b4-485c-a7d6-cdb5a54a0812"/>
               </l:geometrie>
            </l:Gebied>
         </ow-dc:owObject>
      </sl:stand>
   </sl:standBestand>
</ow-dc:owBestand>
