<?xml version="1.0" encoding="utf-8"?>
<!--Voor validatie is het noodzakelijk om ook de catalogi van de gepubliceerde versie 1.0.4 te laden.-->
<AanleveringInformatieObject xmlns="https://standaarden.overheid.nl/lvbb/stop/aanlevering/"
                             xmlns:geo="https://standaarden.overheid.nl/stop/imop/geo/"
                             xmlns:xsi="http://www.w3.org/2001/XMLSchema-instance"
                             schemaversie="1.0.4"
                             xsi:schemaLocation="https://standaarden.overheid.nl/lvbb/stop/aanlevering https://standaarden.overheid.nl/lvbb/1.0.4/lvbb-stop-aanlevering.xsd">
   <InformatieObjectVersie>
      <ExpressionIdentificatie xmlns="https://standaarden.overheid.nl/stop/imop/data/">
         <FRBRWork>/join/id/regdata/gm0297/2019/FouteGebieden</FRBRWork>
         <FRBRExpression>/join/id/regdata/gm0297/2019/FouteGebieden/nld@2019-06-18;3520</FRBRExpression>
         <soortWork>/join/id/stop/work_010</soortWork>
      </ExpressionIdentificatie>
      <InformatieObjectVersieMetadata xmlns="https://standaarden.overheid.nl/stop/imop/data/">
         <heeftBestanden>
            <heeftBestand>
               <Bestand>
                  <bestandsnaam>FouteGebieden.gml</bestandsnaam>
<hash>a0bf80ef0ed1ea22b5823ff9117b99352c16f9640c90a57069cea44b0b0657044d483676dc96bd44d8a85c277cabec18cec2d3f36f22b4b998fd8dc1d81229d6 </hash>
               </Bestand>
            </heeftBestand>
         </heeftBestanden>
<<<<<<< HEAD
<heeftGeboorteregeling>/akn/nl/act/gm0297/2019/GEO000112415</heeftGeboorteregeling>
=======
<heeftGeboorteregeling>/akn/nl/act/gm0297/2019/GEO000112415</heeftGeboorteregeling>
>>>>>>> 72fd748633ffab69735460cc92a8ab9f3ee801cd
      </InformatieObjectVersieMetadata>
      <InformatieObjectMetadata xmlns="https://standaarden.overheid.nl/stop/imop/data/">
         <eindverantwoordelijke>/tooi/id/gemeente/gm0297</eindverantwoordelijke>
         <maker>/tooi/id/gemeente/gm0297</maker>
         <alternatieveTitels>
            <alternatieveTitel>FouteGebieden</alternatieveTitel>
         </alternatieveTitels>
         <officieleTitel>/join/id/regdata/gm0297/2019/FouteGebieden</officieleTitel>
         <publicatieinstructie>TeConsolideren</publicatieinstructie>
         <formaatInformatieobject>/join/id/stop/informatieobject/gio_002</formaatInformatieobject>
         <naamInformatieObject>FouteGebieden</naamInformatieObject>
      </InformatieObjectMetadata>
   </InformatieObjectVersie>
</AanleveringInformatieObject>
