<?xml version="1.0" encoding="UTF-8"?>
<AanleveringInformatieObject xmlns:xsi="http://www.w3.org/2001/XMLSchema-instance" xmlns="https://standaarden.overheid.nl/lvbb/stop/aanlevering/" schemaversie="1.0.3"	
  xsi:schemaLocation="https://standaarden.overheid.nl/lvbb/stop/aanlevering/
  ../../lvbb/lvbb-stop-aanlevering.xsd">
  <InformatieObjectVersie>
    <ExpressionIdentificatie xmlns="https://standaarden.overheid.nl/stop/imop/data/">
      <FRBRWork>/join/id/regdata/gm0297/2019/FouteGebieden</FRBRWork>
      <FRBRExpression>/join/id/regdata/gm0297/2019/FouteGebieden/nld@2019-06-18;3520</FRBRExpression>
      <soortWork>/join/id/stop/work_010</soortWork>
    </ExpressionIdentificatie>
    <InformatieObjectVersieMetadata xmlns="https://standaarden.overheid.nl/stop/imop/data/">
      <heeftBestanden>
        <heeftBestand>
          <Bestand>
            <bestandsnaam>FouteGebieden.gml</bestandsnaam>
<hash>4012eba4f4b88b277bebb7e23a7a5035b8f4fcf758ba22f82406ec949b20fb67db90245bdd2861aae95b6aa6e78e87d3b8558b8f5d3f60ce9912fd901b5b5b97</hash>
          </Bestand>
        </heeftBestand>
      </heeftBestanden>
      <heeftGeboorteregeling>/akn/nl/act/gm0297/2019/LVBB300326384</heeftGeboorteregeling>
    </InformatieObjectVersieMetadata>
    <InformatieObjectMetadata xmlns="https://standaarden.overheid.nl/stop/imop/data/">
      <eindverantwoordelijke>/tooi/id/gemeente/gm0297</eindverantwoordelijke>
      <maker>/tooi/id/gemeente/gm0297</maker>
      <alternatieveTitels>
        <alternatieveTitel>FouteGebieden</alternatieveTitel>
      </alternatieveTitels>
      <officieleTitel>/join/id/regdata/gm0297/2019/GoedeGebieden</officieleTitel>
      <publicatieinstructie>TeConsolideren</publicatieinstructie>
      <formaatInformatieobject>/join/id/stop/informatieobject/gio_002</formaatInformatieobject>
      <naamInformatieObject>GoedeGebieden</naamInformatieObject>
    </InformatieObjectMetadata>
  </InformatieObjectVersie>
</AanleveringInformatieObject>
