<?xml version="1.0" encoding="utf-8"?>
<!--Voor validatie is het noodzakelijk om ook de catalogi van de gepubliceerde versie 1.0.4 te laden.-->
<AanleveringInformatieObject xmlns="https://standaarden.overheid.nl/lvbb/stop/aanlevering/"
                             xmlns:geo="https://standaarden.overheid.nl/stop/imop/geo/"
                             xmlns:xsi="http://www.w3.org/2001/XMLSchema-instance"
                             schemaversie="1.0.4"
                             xsi:schemaLocation="https://standaarden.overheid.nl/lvbb/stop/aanlevering https://standaarden.overheid.nl/lvbb/1.0.4/lvbb-stop-aanlevering.xsd">
   <InformatieObjectVersie>
      <ExpressionIdentificatie xmlns="https://standaarden.overheid.nl/stop/imop/data/">
         <data:FRBRWork xmlns:data="https://standaarden.overheid.nl/stop/imop/data/">/join/id/regdata/gm0297/2019/regelingsgebied-STOP1019-20210731115454</data:FRBRWork>
         <data:FRBRExpression xmlns:data="https://standaarden.overheid.nl/stop/imop/data/">/join/id/regdata/gm0297/2019/regelingsgebied-STOP1019-20210731115454/nld@2019-06-18;3520</data:FRBRExpression>
         <soortWork>/join/id/stop/work_010</soortWork>
      </ExpressionIdentificatie>
      <InformatieObjectVersieMetadata xmlns="https://standaarden.overheid.nl/stop/imop/data/">
         <data:heeftGeboorteregeling xmlns:data="https://standaarden.overheid.nl/stop/imop/data/">/akn/nl/act/gm0297/2019/STOP1019-20210731115454_0</data:heeftGeboorteregeling>
         <heeftBestanden>
            <heeftBestand>
               <Bestand>
                  <bestandsnaam>regelingsgebied.gml</bestandsnaam>
                  <data:hash xmlns:data="https://standaarden.overheid.nl/stop/imop/data/">546487e433f18b31a76827321bd6c012cc4bd5311c986e0c03b8a45a63245da6886c7fc80d4aff56916979c8e3b96e044073155bc215f2105a10f55946f87341</data:hash>
               </Bestand>
            </heeftBestand>
         </heeftBestanden>
      </InformatieObjectVersieMetadata>
      <InformatieObjectMetadata xmlns="https://standaarden.overheid.nl/stop/imop/data/">
         <eindverantwoordelijke>/tooi/id/gemeente/gm0297</eindverantwoordelijke>
         <maker>/tooi/id/gemeente/gm0297</maker>
         <alternatieveTitels>
            <alternatieveTitel>Regelingsgebied</alternatieveTitel>
         </alternatieveTitels>
         <data:officieleTitel xmlns:data="https://standaarden.overheid.nl/stop/imop/data/">/join/id/regdata/gm0297/2019/regelingsgebied-STOP1019-20210731115454</data:officieleTitel>
         <publicatieinstructie>TeConsolideren</publicatieinstructie>
         <naamInformatieObject>Regelingsgebied</naamInformatieObject>
         <formaatInformatieobject>/join/id/stop/informatieobject/gio_002</formaatInformatieobject>
      </InformatieObjectMetadata>
   </InformatieObjectVersie>
</AanleveringInformatieObject>
