<?xml version="1.0" encoding="utf-8"?>
<ow-dc:owBestand xmlns:ow-dc="http://www.geostandaarden.nl/imow/bestanden/deelbestand"
                 xmlns:ow="http://www.geostandaarden.nl/imow/owobject"
                 xmlns:da="http://www.geostandaarden.nl/imow/datatypenalgemeen"
                 xmlns:sl="http://www.geostandaarden.nl/bestanden-ow/standlevering-generiek"
                 xmlns:ga="http://www.geostandaarden.nl/imow/gebiedsaanwijzing"
                 xmlns:k="http://www.geostandaarden.nl/imow/kaart"
                 xmlns:l="http://www.geostandaarden.nl/imow/locatie"
                 xmlns:p="http://www.geostandaarden.nl/imow/pons"
                 xmlns:r="http://www.geostandaarden.nl/imow/regels"
                 xmlns:rol="http://www.geostandaarden.nl/imow/regelsoplocatie"
                 xmlns:vt="http://www.geostandaarden.nl/imow/vrijetekst"
                 xmlns:xlink="http://www.w3.org/1999/xlink"
                 xmlns:xsi="http://www.w3.org/2001/XMLSchema-instance"
                 xsi:schemaLocation="http://www.geostandaarden.nl/imow/bestanden/deelbestand https://register.geostandaarden.nl/xmlschema/tpod/v1.0.3/bestanden-ow/deelbestand-ow/IMOW_Deelbestand.xsd">
   <sl:standBestand>
      <sl:dataset>Gemeentestad</sl:dataset>
      <sl:inhoud>
         <sl:gebied>Gemeentestad</sl:gebied>
         <sl:leveringsId>id-publicatie-OZON0082-20210517102044</sl:leveringsId>
         <sl:objectTypen>
            <sl:objectType>Regeltekst</sl:objectType>
            <sl:objectType>RegelVoorIedereen</sl:objectType>
            <sl:objectType>Activiteit</sl:objectType>
         </sl:objectTypen>
      </sl:inhoud>
      <!-- artikel 2.5 -->
      <sl:stand>
         <ow-dc:owObject>
            <r:Regeltekst wId="gm0297_1__chp_2__subchp_2.1__art_2.1">
               <r:identificatie>nl.imow-gm0297.regeltekst.0000120210517102044</r:identificatie>
            </r:Regeltekst>
         </ow-dc:owObject>
      </sl:stand>
      <sl:stand>
         <ow-dc:owObject>
            <r:RegelVoorIedereen>
               <r:identificatie>nl.imow-gm0297.juridischeregel.0000120210517102044</r:identificatie>
               <r:idealisatie>http://standaarden.omgevingswet.overheid.nl/idealisatie/id/concept/Exact</r:idealisatie>
               <r:artikelOfLid>
                  <r:RegeltekstRef xlink:href="nl.imow-gm0297.regeltekst.0000120210517102044"/>
               </r:artikelOfLid>
               <r:locatieaanduiding>
                  <l:LocatieRef xlink:href="nl.imow-gm0297.gebiedengroep.0000120210517102044"/>
                  <l:LocatieRef xlink:href="nl.imow-gm0297.lijnengroep.0000120210517102044"/>
                  <l:LocatieRef xlink:href="nl.imow-gm0297.puntengroep.0000120210517102044"/>
               </r:locatieaanduiding>
               <r:activiteitaanduiding>
                  <rol:ActiviteitRef xlink:href="nl.imow-gm0297.activiteit.0000120210517102044"/>
                  <r:ActiviteitLocatieaanduiding>
                     <r:identificatie>nl.imow-gm0297.activiteitlocatieaanduiding.201900000120210517102044</r:identificatie>
                     <r:activiteitregelkwalificatie>http://standaarden.omgevingswet.overheid.nl/activiteitregelkwalificatie/id/concept/Informatieplicht</r:activiteitregelkwalificatie>
                     <r:locatieaanduiding>
                        <l:LocatieRef xlink:href="nl.imow-gm0297.gebiedengroep.0000120210517102044"/>
                     </r:locatieaanduiding>
                  </r:ActiviteitLocatieaanduiding>
               </r:activiteitaanduiding>
            </r:RegelVoorIedereen>
         </ow-dc:owObject>
      </sl:stand>
      <sl:stand>
         <ow-dc:owObject>
            <rol:Activiteit>
               <rol:identificatie>nl.imow-gm0297.activiteit.0000120210517102044</rol:identificatie>
               <rol:naam>Naam</rol:naam>
               <rol:groep>http://standaarden.omgevingswet.overheid.nl/activiteit/id/concept/BeperkingengebiedactiviteitMBTEenLuchthaven</rol:groep>
               <rol:bovenliggendeActiviteit>
                  <rol:ActiviteitRef xlink:href="nl.imow-gm0297.activiteit.BestaatNiet"/>
               </rol:bovenliggendeActiviteit>
            </rol:Activiteit>
         </ow-dc:owObject>
      </sl:stand>
   </sl:standBestand>
</ow-dc:owBestand>
