<?xml version="1.0" encoding="utf-8"?>
<ow-dc:owBestand xmlns:ow-dc="http://www.geostandaarden.nl/imow/bestanden/deelbestand"
                 xmlns:ow="http://www.geostandaarden.nl/imow/owobject"
                 xmlns:da="http://www.geostandaarden.nl/imow/datatypenalgemeen"
                 xmlns:sl="http://www.geostandaarden.nl/bestanden-ow/standlevering-generiek"
                 xmlns:ga="http://www.geostandaarden.nl/imow/gebiedsaanwijzing"
                 xmlns:k="http://www.geostandaarden.nl/imow/kaart"
                 xmlns:l="http://www.geostandaarden.nl/imow/locatie"
                 xmlns:p="http://www.geostandaarden.nl/imow/pons"
                 xmlns:r="http://www.geostandaarden.nl/imow/regels"
                 xmlns:rol="http://www.geostandaarden.nl/imow/regelsoplocatie"
                 xmlns:vt="http://www.geostandaarden.nl/imow/vrijetekst"
                 xmlns:xlink="http://www.w3.org/1999/xlink"
                 xmlns:xsi="http://www.w3.org/2001/XMLSchema-instance"
                 xsi:schemaLocation="http://www.geostandaarden.nl/imow/bestanden/deelbestand https://register.geostandaarden.nl/xmlschema/tpod/v1.0.3/bestanden-ow/deelbestand-ow/IMOW_Deelbestand.xsd">
   <sl:standBestand>
      <sl:dataset>Gemeentestad</sl:dataset>
      <sl:inhoud>
         <sl:gebied>Gemeentestad</sl:gebied>
         <sl:leveringsId>id-publicatie-OZON-OZON0072-0-20210731104410</sl:leveringsId>
         <sl:objectTypen>
            <sl:objectType>Gebied</sl:objectType>
            <sl:objectType>Gebiedengroep</sl:objectType>
            <sl:objectType>Punt</sl:objectType>
            <sl:objectType>Puntengroep</sl:objectType>
            <sl:objectType>Lijn</sl:objectType>
            <sl:objectType>Lijnengroep</sl:objectType>
         </sl:objectTypen>
      </sl:inhoud>
      <sl:stand>
         <ow-dc:owObject>
            <l:Puntengroep>
               <l:identificatie>nl.imow-gm0297.puntengroep.0000120210731104410</l:identificatie>
               <l:groepselement>
                  <l:PuntRef xlink:href="nl.imow-gm0297.punt.0000120210731104410"/>
                  <l:PuntRef xlink:href="nl.imow-gm0297.punt.0000220210731104410"/>
               </l:groepselement>
            </l:Puntengroep>
         </ow-dc:owObject>
      </sl:stand>
      <sl:stand>
         <ow-dc:owObject>
            <l:Punt>
               <l:identificatie>nl.imow-gm0297.punt.0000120210731104410</l:identificatie>
               <l:noemer>punt 1</l:noemer>
               <l:geometrie>
                  <l:GeometrieRef xlink:href="42b1a71c-04fc-48a0-b5ce-de8657e1f66e"/>
               </l:geometrie>
            </l:Punt>
         </ow-dc:owObject>
      </sl:stand>
      <sl:stand>
         <ow-dc:owObject>
            <l:Punt>
               <l:identificatie>nl.imow-gm0297.punt.0000220210731104410</l:identificatie>
               <l:noemer>punt 2</l:noemer>
               <l:geometrie>
                  <l:GeometrieRef xlink:href="09f21358-e014-400a-a09c-56618eb4f52e"/>
               </l:geometrie>
            </l:Punt>
         </ow-dc:owObject>
      </sl:stand>
      <sl:stand>
         <ow-dc:owObject>
            <l:Lijnengroep>
               <l:identificatie>nl.imow-gm0297.lijnengroep.0000120210731104410</l:identificatie>
               <l:groepselement>
                  <l:LijnRef xlink:href="nl.imow-gm0297.lijn.0000120210731104410"/>
                  <l:LijnRef xlink:href="nl.imow-gm0297.lijn.0000220210731104410"/>
               </l:groepselement>
            </l:Lijnengroep>
         </ow-dc:owObject>
      </sl:stand>
      <sl:stand>
         <ow-dc:owObject>
            <l:Lijn>
               <l:identificatie>nl.imow-gm0297.lijn.0000120210731104410</l:identificatie>
               <l:noemer>lijn 1</l:noemer>
               <l:geometrie>
                  <l:GeometrieRef xlink:href="8a999dd9-23d4-4f9c-8251-95dc4d1928ef"/>
               </l:geometrie>
            </l:Lijn>
         </ow-dc:owObject>
      </sl:stand>
      <sl:stand>
         <ow-dc:owObject>
            <l:Lijn>
               <l:identificatie>nl.imow-gm0297.lijn.0000220210731104410</l:identificatie>
               <l:noemer>lijn 2</l:noemer>
               <l:geometrie>
                  <l:GeometrieRef xlink:href="d1e5361a-7eb9-4e18-8f2d-d80c950f70ec"/>
               </l:geometrie>
            </l:Lijn>
         </ow-dc:owObject>
      </sl:stand>
      <sl:stand>
         <ow-dc:owObject>
            <l:Gebiedengroep>
               <l:identificatie>nl.imow-gm0297.gebiedengroep.0000120210731104410</l:identificatie>
               <l:groepselement>
                  <l:GebiedRef xlink:href="nl.imow-gm0297.gebied.0000120210731104410"/>
                  <l:GebiedRef xlink:href="nl.imow-gm0297.gebied.0000220210731104410"/>
               </l:groepselement>
            </l:Gebiedengroep>
         </ow-dc:owObject>
      </sl:stand>
      <sl:stand>
         <ow-dc:owObject>
            <l:Gebied>
               <l:identificatie>nl.imow-gm0297.gebied.0000120210731104410</l:identificatie>
               <l:noemer>Goed gebied 1</l:noemer>
               <l:geometrie>
                  <l:GeometrieRef xlink:href="a8f652c2-f8eb-4cc7-a4a3-b8e0517257db"/>
               </l:geometrie>
            </l:Gebied>
         </ow-dc:owObject>
      </sl:stand>
      <sl:stand>
         <ow-dc:owObject>
            <l:Gebied>
               <l:identificatie>nl.imow-gm0297.gebied.0000220210731104410</l:identificatie>
               <l:noemer>Goed gebied 2</l:noemer>
               <l:geometrie>
                  <l:GeometrieRef xlink:href="3e351e86-12c5-43ff-a0de-7b1bd3a2e932"/>
               </l:geometrie>
            </l:Gebied>
         </ow-dc:owObject>
      </sl:stand>
   </sl:standBestand>
</ow-dc:owBestand>
