<?xml version="1.0" encoding="UTF-8"?>
<AanleveringInformatieObject xmlns:xsi="http://www.w3.org/2001/XMLSchema-instance" xmlns="https://standaarden.overheid.nl/lvbb/stop/aanlevering/" schemaversie="1.0.3"	
  xsi:schemaLocation="https://standaarden.overheid.nl/lvbb/stop/aanlevering/
  ../../lvbb/lvbb-stop-aanlevering.xsd">
  <InformatieObjectVersie>
    <ExpressionIdentificatie xmlns="https://standaarden.overheid.nl/stop/imop/data/">
      <FRBRWork>/join/id/regdata/gm0297/2019/FouteGebieden</FRBRWork>
      <FRBRExpression>/join/id/regdata/gm0297/2019/FouteGebieden/nld@2019-06-18;3520</FRBRExpression>
      <soortWork>/join/id/stop/work_010</soortWork>
    </ExpressionIdentificatie>
    <InformatieObjectVersieMetadata xmlns="https://standaarden.overheid.nl/stop/imop/data/">
      <heeftBestanden>
        <heeftBestand>
          <Bestand>
            <bestandsnaam>FouteGebieden.gml</bestandsnaam>
<hash>4d01532a91c30b1e402ebe0701b1f3439c9968b91c82ab2462a2ff554e8686484e3b77c6772db6b4545a4108a0c28ac94b5a9be37e804848a7638edcf128d1c6</hash>
          </Bestand>
        </heeftBestand>
      </heeftBestanden>
      <heeftGeboorteregeling>/akn/nl/act/gm0297/2019/GEO000519276</heeftGeboorteregeling>
    </InformatieObjectVersieMetadata>
    <InformatieObjectMetadata xmlns="https://standaarden.overheid.nl/stop/imop/data/">
      <eindverantwoordelijke>/tooi/id/gemeente/gm0297</eindverantwoordelijke>
      <maker>/tooi/id/gemeente/gm0297</maker>
      <alternatieveTitels>
        <alternatieveTitel>FouteGebieden</alternatieveTitel>
      </alternatieveTitels>
      <officieleTitel>/join/id/regdata/gm0297/2019/FouteGebieden</officieleTitel>
      <publicatieinstructie>TeConsolideren</publicatieinstructie>
      <formaatInformatieobject>/join/id/stop/informatieobject/gio_002</formaatInformatieobject>
      <naamInformatieObject>FouteGebieden</naamInformatieObject>
    </InformatieObjectMetadata>
  </InformatieObjectVersie>
</AanleveringInformatieObject>
