<?xml version="1.0" encoding="utf-8"?>
<ow-dc:owBestand xmlns:xsi="http://www.w3.org/2001/XMLSchema-instance"
                 xmlns:xlink="http://www.w3.org/1999/xlink"
                 xmlns:ga="http://www.geostandaarden.nl/imow/gebiedsaanwijzing"
                 xmlns:da="http://www.geostandaarden.nl/imow/datatypenalgemeen"
                 xmlns:sl="http://www.geostandaarden.nl/bestanden-ow/standlevering-generiek"
                 xmlns:ow-dc="http://www.geostandaarden.nl/imow/bestanden/deelbestand"
                 xmlns:ow="http://www.geostandaarden.nl/imow/owobject"
                 xmlns:rol="http://www.geostandaarden.nl/imow/regelsoplocatie"
                 xmlns:l="http://www.geostandaarden.nl/imow/locatie"
                 xmlns:r="http://www.geostandaarden.nl/imow/regels"
                 xmlns:k="http://www.geostandaarden.nl/imow/kaart"
                 xsi:schemaLocation="http://www.geostandaarden.nl/imow/bestanden/deelbestand https://register.geostandaarden.nl/xmlschema/tpod/v2.0.0/bestanden-ow/deelbestand-ow/IMOW_Deelbestand.xsd">
   <sl:standBestand>
      <sl:dataset>Gemeentestad</sl:dataset>
      <sl:inhoud>
         <sl:gebied>Gemeentestad</sl:gebied>
         <sl:leveringsId>abc-20190221-0801-AFBREEK-LVBB4203-0-20210920031803</sl:leveringsId>
         <sl:objectTypen>
            <sl:objectType>Regeltekst</sl:objectType>
            <sl:objectType>RegelVoorIedereen</sl:objectType>
            <sl:objectType>Omgevingswaarderegel</sl:objectType>
         </sl:objectTypen>
      </sl:inhoud>
      <!-- artikel 2.3 -->
      <sl:stand>
         <ow-dc:owObject>
            <r:Regeltekst wId="gm0297_1__chp_2__subchp_2.2__art_2.3">
               <r:identificatie>nl.imow-gm0297.regeltekst.201900000120210920031803</r:identificatie>
            </r:Regeltekst>
         </ow-dc:owObject>
      </sl:stand>
      <sl:stand>
         <ow-dc:owObject>
            <r:RegelVoorIedereen>
               <r:identificatie>nl.imow-gm0297.juridischeregel.201900000120210920031803</r:identificatie>
               <r:idealisatie>http://standaarden.omgevingswet.overheid.nl/idealisatie/id/concept/Exact</r:idealisatie>
               <r:artikelOfLid>
                  <r:RegeltekstRef xlink:href="nl.imow-gm0297.regeltekst.201900000120210920031803"/>
               </r:artikelOfLid>
               <r:locatieaanduiding>
                  <l:LocatieRef xlink:href="nl.imow-gm0297.gebiedengroep.Bedrijfcategorie220210920031803"/>
               </r:locatieaanduiding>
               <r:gebiedsaanwijzing>
                  <ga:GebiedsaanwijzingRef xlink:href="nl.imow-gm0297.gebiedsaanwijzing.201900000120210920031803"/>
                  <!--Bedrijf categorie 2-->
               </r:gebiedsaanwijzing>
            </r:RegelVoorIedereen>
         </ow-dc:owObject>
      </sl:stand>
      <!-- artikel 2.4 -->
      <sl:stand>
         <ow-dc:owObject>
            <r:Regeltekst wId="gm0297_1__chp_2__subchp_2.2__art_2.4">
               <r:identificatie>nl.imow-gm0297.regeltekst.201900000220210920031803</r:identificatie>
            </r:Regeltekst>
         </ow-dc:owObject>
      </sl:stand>
      <sl:stand>
         <ow-dc:owObject>
            <r:RegelVoorIedereen>
               <r:identificatie>nl.imow-gm0297.juridischeregel.201900000220210920031803</r:identificatie>
               <r:idealisatie>http://standaarden.omgevingswet.overheid.nl/idealisatie/id/concept/Exact</r:idealisatie>
               <r:artikelOfLid>
                  <r:RegeltekstRef xlink:href="nl.imow-gm0297.regeltekst.201900000220210920031803"/>
               </r:artikelOfLid>
               <r:locatieaanduiding>
                  <l:LocatieRef xlink:href="nl.imow-gm0297.gebiedengroep.Bedrijfcategorie220210920031803"/>
               </r:locatieaanduiding>
               <r:activiteitaanduiding>
                  <rol:ActiviteitRef xlink:href="nl.imow-gm0297.activiteit.201900024120210920031803"/>
                  <!--uitoefenen van bedrijfstypen van categorie 2-->
                  <r:ActiviteitLocatieaanduiding>
                     <r:identificatie>nl.imow-gm0297.activiteitlocatieaanduiding.201900000120210920031803</r:identificatie>
                     <r:activiteitregelkwalificatie>http://standaarden.omgevingswet.overheid.nl/activiteitregelkwalificatie/id/concept/Toegestaan</r:activiteitregelkwalificatie>
                     <r:locatieaanduiding>
                        <l:LocatieRef xlink:href="nl.imow-gm0297.gebiedengroep.Bedrijfcategorie220210920031803"/>
                     </r:locatieaanduiding>
                  </r:ActiviteitLocatieaanduiding>
               </r:activiteitaanduiding>
            </r:RegelVoorIedereen>
         </ow-dc:owObject>
      </sl:stand>
      <sl:stand>
         <ow-dc:owObject>
            <r:RegelVoorIedereen>
               <r:identificatie>nl.imow-gm0297.juridischeregel.201900000320210920031803</r:identificatie>
               <r:idealisatie>http://standaarden.omgevingswet.overheid.nl/idealisatie/id/concept/Exact</r:idealisatie>
               <r:artikelOfLid>
                  <r:RegeltekstRef xlink:href="nl.imow-gm0297.regeltekst.201900000220210920031803"/>
               </r:artikelOfLid>
               <r:locatieaanduiding>
                  <l:LocatieRef xlink:href="nl.imow-gm0297.gebiedengroep.Bedrijfcategorie220210920031803"/>
               </r:locatieaanduiding>
               <r:activiteitaanduiding>
                  <rol:ActiviteitRef xlink:href="nl.imow-gm0297.activiteit.201900053020210920031803"/>
                  <!--wonen in een bedrijfswoning-->
                  <r:ActiviteitLocatieaanduiding>
                     <r:identificatie>nl.imow-gm0297.activiteitlocatieaanduiding.201900000220210920031803</r:identificatie>
                     <r:activiteitregelkwalificatie>http://standaarden.omgevingswet.overheid.nl/activiteitregelkwalificatie/id/concept/Toegestaan</r:activiteitregelkwalificatie>
                     <r:locatieaanduiding>
                        <l:LocatieRef xlink:href="nl.imow-gm0297.gebiedengroep.Bedrijfcategorie220210920031803"/>
                     </r:locatieaanduiding>
                  </r:ActiviteitLocatieaanduiding>
               </r:activiteitaanduiding>
            </r:RegelVoorIedereen>
         </ow-dc:owObject>
      </sl:stand>
      <sl:stand>
         <ow-dc:owObject>
            <r:RegelVoorIedereen>
               <r:identificatie>nl.imow-gm0297.juridischeregel.201900000420210920031803</r:identificatie>
               <r:idealisatie>http://standaarden.omgevingswet.overheid.nl/idealisatie/id/concept/Exact</r:idealisatie>
               <r:artikelOfLid>
                  <r:RegeltekstRef xlink:href="nl.imow-gm0297.regeltekst.201900000220210920031803"/>
               </r:artikelOfLid>
               <r:locatieaanduiding>
                  <l:LocatieRef xlink:href="nl.imow-gm0297.gebiedengroep.Bedrijfcategorie220210920031803"/>
               </r:locatieaanduiding>
               <r:activiteitaanduiding>
                  <rol:ActiviteitRef xlink:href="nl.imow-gm0297.activiteit.201900024320210920031803"/>
                  <!--aanleggen en instandhouden van nutsvoorzieningen-->
                  <r:ActiviteitLocatieaanduiding>
                     <r:identificatie>nl.imow-gm0297.activiteitlocatieaanduiding.201900000320210920031803</r:identificatie>
                     <r:activiteitregelkwalificatie>http://standaarden.omgevingswet.overheid.nl/activiteitregelkwalificatie/id/concept/Toegestaan</r:activiteitregelkwalificatie>
                     <r:locatieaanduiding>
                        <l:LocatieRef xlink:href="nl.imow-gm0297.gebiedengroep.Bedrijfcategorie220210920031803"/>
                     </r:locatieaanduiding>
                  </r:ActiviteitLocatieaanduiding>
               </r:activiteitaanduiding>
            </r:RegelVoorIedereen>
         </ow-dc:owObject>
      </sl:stand>
      <sl:stand>
         <ow-dc:owObject>
            <r:RegelVoorIedereen>
               <r:identificatie>nl.imow-gm0297.juridischeregel.201900000520210920031803</r:identificatie>
               <r:idealisatie>http://standaarden.omgevingswet.overheid.nl/idealisatie/id/concept/Exact</r:idealisatie>
               <r:artikelOfLid>
                  <r:RegeltekstRef xlink:href="nl.imow-gm0297.regeltekst.201900000220210920031803"/>
               </r:artikelOfLid>
               <r:locatieaanduiding>
                  <l:LocatieRef xlink:href="nl.imow-gm0297.gebiedengroep.Bedrijfcategorie220210920031803"/>
               </r:locatieaanduiding>
               <r:activiteitaanduiding>
                  <rol:ActiviteitRef xlink:href="nl.imow-gm0297.activiteit.201900024420210920031803"/>
                  <!--aanleggen en instandhouden van voorzieningen voor de waterhuishouding-->
                  <r:ActiviteitLocatieaanduiding>
                     <r:identificatie>nl.imow-gm0297.activiteitlocatieaanduiding.201900000420210920031803</r:identificatie>
                     <r:activiteitregelkwalificatie>http://standaarden.omgevingswet.overheid.nl/activiteitregelkwalificatie/id/concept/Toegestaan</r:activiteitregelkwalificatie>
                     <r:locatieaanduiding>
                        <l:LocatieRef xlink:href="nl.imow-gm0297.gebiedengroep.Bedrijfcategorie220210920031803"/>
                     </r:locatieaanduiding>
                  </r:ActiviteitLocatieaanduiding>
               </r:activiteitaanduiding>
            </r:RegelVoorIedereen>
         </ow-dc:owObject>
      </sl:stand>
      <sl:stand>
         <ow-dc:owObject>
            <r:RegelVoorIedereen>
               <r:identificatie>nl.imow-gm0297.juridischeregel.201900000620210920031803</r:identificatie>
               <r:idealisatie>http://standaarden.omgevingswet.overheid.nl/idealisatie/id/concept/Exact</r:idealisatie>
               <r:artikelOfLid>
                  <r:RegeltekstRef xlink:href="nl.imow-gm0297.regeltekst.201900000220210920031803"/>
               </r:artikelOfLid>
               <r:locatieaanduiding>
                  <l:LocatieRef xlink:href="nl.imow-gm0297.gebiedengroep.Bedrijfcategorie220210920031803"/>
               </r:locatieaanduiding>
               <r:activiteitaanduiding>
                  <rol:ActiviteitRef xlink:href="nl.imow-gm0297.activiteit.201900024520210920031803"/>
                  <!--aanleggen en instandhouden van tuin en/of erf-->
                  <r:ActiviteitLocatieaanduiding>
                     <r:identificatie>nl.imow-gm0297.activiteitlocatieaanduiding.201900000520210920031803</r:identificatie>
                     <r:activiteitregelkwalificatie>http://standaarden.omgevingswet.overheid.nl/activiteitregelkwalificatie/id/concept/Toegestaan</r:activiteitregelkwalificatie>
                     <r:locatieaanduiding>
                        <l:LocatieRef xlink:href="nl.imow-gm0297.gebiedengroep.Bedrijfcategorie220210920031803"/>
                     </r:locatieaanduiding>
                  </r:ActiviteitLocatieaanduiding>
               </r:activiteitaanduiding>
            </r:RegelVoorIedereen>
         </ow-dc:owObject>
      </sl:stand>
      <sl:stand>
         <ow-dc:owObject>
            <r:RegelVoorIedereen>
               <r:identificatie>nl.imow-gm0297.juridischeregel.201900000720210920031803</r:identificatie>
               <r:idealisatie>http://standaarden.omgevingswet.overheid.nl/idealisatie/id/concept/Exact</r:idealisatie>
               <r:artikelOfLid>
                  <r:RegeltekstRef xlink:href="nl.imow-gm0297.regeltekst.201900000220210920031803"/>
               </r:artikelOfLid>
               <r:locatieaanduiding>
                  <l:LocatieRef xlink:href="nl.imow-gm0297.gebiedengroep.Bedrijfcategorie220210920031803"/>
                  <!--werkingsgebied bedrijf categorie 2-->
               </r:locatieaanduiding>
               <r:activiteitaanduiding>
                  <rol:ActiviteitRef xlink:href="nl.imow-gm0297.activiteit.201900024620210920031803"/>
                  <!--uitoefenen van detailhandel in ter plaatse vervaardigde goederen-->
                  <r:ActiviteitLocatieaanduiding>
                     <r:identificatie>nl.imow-gm0297.activiteitlocatieaanduiding.201900000620210920031803</r:identificatie>
                     <r:activiteitregelkwalificatie>http://standaarden.omgevingswet.overheid.nl/activiteitregelkwalificatie/id/concept/Toegestaan</r:activiteitregelkwalificatie>
                     <r:locatieaanduiding>
                        <l:LocatieRef xlink:href="nl.imow-gm0297.gebiedengroep.zoneA20210920031803"/>
                     </r:locatieaanduiding>
                  </r:ActiviteitLocatieaanduiding>
               </r:activiteitaanduiding>
            </r:RegelVoorIedereen>
         </ow-dc:owObject>
      </sl:stand>
      <!-- artikel 2.5 -->
      <sl:stand>
         <ow-dc:owObject>
            <r:Regeltekst wId="gm0297_1__chp_2__subchp_2.2__art_2.5">
               <r:identificatie>nl.imow-gm0297.regeltekst.201900000320210920031803</r:identificatie>
            </r:Regeltekst>
         </ow-dc:owObject>
      </sl:stand>
      <sl:stand>
         <ow-dc:owObject>
            <r:RegelVoorIedereen>
               <r:identificatie>nl.imow-gm0297.juridischeregel.201900000820210920031803</r:identificatie>
               <r:idealisatie>http://standaarden.omgevingswet.overheid.nl/idealisatie/id/concept/Exact</r:idealisatie>
               <r:artikelOfLid>
                  <r:RegeltekstRef xlink:href="nl.imow-gm0297.regeltekst.201900000320210920031803"/>
               </r:artikelOfLid>
               <r:locatieaanduiding>
                  <l:LocatieRef xlink:href="nl.imow-gm0297.gebiedengroep.Bedrijfcategorie220210920031803"/>
               </r:locatieaanduiding>
               <r:activiteitaanduiding>
                  <rol:ActiviteitRef xlink:href="nl.imow-gm0297.activiteit.201900073020210920031803"/>
                  <!--exploiteren van inrichtingen-->
                  <r:ActiviteitLocatieaanduiding>
                     <r:identificatie>nl.imow-gm0297.activiteitlocatieaanduiding.201900000720210920031803</r:identificatie>
                     <r:activiteitregelkwalificatie>http://standaarden.omgevingswet.overheid.nl/activiteitregelkwalificatie/id/concept/Verbod</r:activiteitregelkwalificatie>
                     <r:locatieaanduiding>
                        <l:LocatieRef xlink:href="nl.imow-gm0297.gebiedengroep.Bedrijfcategorie220210920031803"/>
                     </r:locatieaanduiding>
                  </r:ActiviteitLocatieaanduiding>
               </r:activiteitaanduiding>
            </r:RegelVoorIedereen>
         </ow-dc:owObject>
      </sl:stand>
      <sl:stand>
         <ow-dc:owObject>
            <r:RegelVoorIedereen>
               <r:identificatie>nl.imow-gm0297.juridischeregel.201900000920210920031803</r:identificatie>
               <r:idealisatie>http://standaarden.omgevingswet.overheid.nl/idealisatie/id/concept/Exact</r:idealisatie>
               <r:artikelOfLid>
                  <r:RegeltekstRef xlink:href="nl.imow-gm0297.regeltekst.201900000320210920031803"/>
               </r:artikelOfLid>
               <r:locatieaanduiding>
                  <l:LocatieRef xlink:href="nl.imow-gm0297.gebiedengroep.Bedrijfcategorie220210920031803"/>
               </r:locatieaanduiding>
               <r:activiteitaanduiding>
                  <rol:ActiviteitRef xlink:href="nl.imow-gm0297.activiteit.201900074020210920031803"/>
                  <!--exploiteren van risicovolle inrichtingen-->
                  <r:ActiviteitLocatieaanduiding>
                     <r:identificatie>nl.imow-gm0297.activiteitlocatieaanduiding.201900000820210920031803</r:identificatie>
                     <r:activiteitregelkwalificatie>http://standaarden.omgevingswet.overheid.nl/activiteitregelkwalificatie/id/concept/Verbod</r:activiteitregelkwalificatie>
                     <r:locatieaanduiding>
                        <l:LocatieRef xlink:href="nl.imow-gm0297.gebiedengroep.Bedrijfcategorie220210920031803"/>
                     </r:locatieaanduiding>
                  </r:ActiviteitLocatieaanduiding>
               </r:activiteitaanduiding>
            </r:RegelVoorIedereen>
         </ow-dc:owObject>
      </sl:stand>
      <sl:stand>
         <ow-dc:owObject>
            <r:RegelVoorIedereen>
               <r:identificatie>nl.imow-gm0297.juridischeregel.201900001020210920031803</r:identificatie>
               <r:idealisatie>http://standaarden.omgevingswet.overheid.nl/idealisatie/id/concept/Exact</r:idealisatie>
               <r:artikelOfLid>
                  <r:RegeltekstRef xlink:href="nl.imow-gm0297.regeltekst.201900000320210920031803"/>
               </r:artikelOfLid>
               <r:locatieaanduiding>
                  <l:LocatieRef xlink:href="nl.imow-gm0297.gebiedengroep.Bedrijfcategorie220210920031803"/>
               </r:locatieaanduiding>
               <r:activiteitaanduiding>
                  <rol:ActiviteitRef xlink:href="nl.imow-gm0297.activiteit.201900075020210920031803"/>
                  <!--opslagterrein-->
                  <r:ActiviteitLocatieaanduiding>
                     <r:identificatie>nl.imow-gm0297.activiteitlocatieaanduiding.201900000920210920031803</r:identificatie>
                     <r:activiteitregelkwalificatie>http://standaarden.omgevingswet.overheid.nl/activiteitregelkwalificatie/id/concept/Verbod</r:activiteitregelkwalificatie>
                     <r:locatieaanduiding>
                        <l:LocatieRef xlink:href="nl.imow-gm0297.gebiedengroep.Bedrijfcategorie220210920031803"/>
                     </r:locatieaanduiding>
                  </r:ActiviteitLocatieaanduiding>
               </r:activiteitaanduiding>
            </r:RegelVoorIedereen>
         </ow-dc:owObject>
      </sl:stand>
      <!-- artikel 2.6 -->
      <sl:stand>
         <ow-dc:owObject><!-- Artikel 2.6 -->
            <r:Regeltekst wId="gm0297_1__chp_2__subchp_2.2__art_2.6__para_1">
               <r:identificatie>nl.imow-gm0297.regeltekst.201900000420210920031803</r:identificatie>
            </r:Regeltekst>
         </ow-dc:owObject>
      </sl:stand>
      <sl:stand>
         <ow-dc:owObject><!-- Artikel 2.6 - Juridische regel -->
            <r:RegelVoorIedereen>
               <r:identificatie>nl.imow-gm0297.juridischeregel.201900001120210920031803</r:identificatie>
               <r:idealisatie>http://standaarden.omgevingswet.overheid.nl/idealisatie/id/concept/Exact</r:idealisatie>
               <r:artikelOfLid>
                  <r:RegeltekstRef xlink:href="nl.imow-gm0297.regeltekst.201900000420210920031803"/>
               </r:artikelOfLid>
               <r:locatieaanduiding>
                  <l:LocatieRef xlink:href="nl.imow-gm0297.gebiedengroep.zoneB20210920031803"/>
               </r:locatieaanduiding>
               <r:activiteitaanduiding>
                  <rol:ActiviteitRef xlink:href="nl.imow-gm0297.activiteit.201900059020210920031803"/>
                  <!--uitoefenen van detailhandel in ter plaatse vervaardigde goederen-->
                  <r:ActiviteitLocatieaanduiding>
                     <r:identificatie>nl.imow-gm0297.activiteitlocatieaanduiding.201900001020210920031803</r:identificatie>
                     <r:activiteitregelkwalificatie>http://standaarden.omgevingswet.overheid.nl/activiteitregelkwalificatie/id/concept/Meldingsplicht</r:activiteitregelkwalificatie>
                     <r:locatieaanduiding>
                        <l:LocatieRef xlink:href="nl.imow-gm0297.gebiedengroep.zoneB20210920031803"/>
                     </r:locatieaanduiding>
                  </r:ActiviteitLocatieaanduiding>
               </r:activiteitaanduiding>
            </r:RegelVoorIedereen>
         </ow-dc:owObject>
      </sl:stand>
      <!-- artikel 2.7 -->
      <sl:stand>
         <ow-dc:owObject>
            <r:Regeltekst wId="gm0297_1__chp_2__subchp_2.2__art_2.7__para_1">
               <r:identificatie>nl.imow-gm0297.regeltekst.201900000720210920031803</r:identificatie>
            </r:Regeltekst>
         </ow-dc:owObject>
      </sl:stand>
      <!-- Artikel 2.7 - Juridische regel -->
      <sl:stand>
         <ow-dc:owObject>
            <r:RegelVoorIedereen>
               <r:identificatie>nl.imow-gm0297.juridischeregel.201900001220210920031803</r:identificatie>
               <r:idealisatie>http://standaarden.omgevingswet.overheid.nl/idealisatie/id/concept/Exact</r:idealisatie>
               <r:artikelOfLid>
                  <r:RegeltekstRef xlink:href="nl.imow-gm0297.regeltekst.201900000720210920031803"/>
               </r:artikelOfLid>
               <r:locatieaanduiding>
                  <l:LocatieRef xlink:href="nl.imow-gm0297.gebiedengroep.Bedrijfcategorie220210920031803"/>
               </r:locatieaanduiding>
               <r:activiteitaanduiding>
                  <rol:ActiviteitRef xlink:href="nl.imow-gm0297.activiteit.201900054020210920031803"/>
                  <!--exploiteren van een verkooppunt voor motorbrandstoffen niet zijnde lpg-->
                  <r:ActiviteitLocatieaanduiding>
                     <r:identificatie>nl.imow-gm0297.activiteitlocatieaanduiding.201900001120210920031803</r:identificatie>
                     <r:activiteitregelkwalificatie>http://standaarden.omgevingswet.overheid.nl/activiteitregelkwalificatie/id/concept/Vergunningplicht</r:activiteitregelkwalificatie>
                     <r:locatieaanduiding>
                        <l:LocatieRef xlink:href="nl.imow-gm0297.gebiedengroep.Bedrijfcategorie220210920031803"/>
                     </r:locatieaanduiding>
                  </r:ActiviteitLocatieaanduiding>
               </r:activiteitaanduiding>
               <r:activiteitaanduiding>
                  <rol:ActiviteitRef xlink:href="nl.imow-gm0297.activiteit.201900076020210920031803"/>
                  <!--opslaan van motorbrandstoffen niet zijnde lpg-->
                  <r:ActiviteitLocatieaanduiding>
                     <r:identificatie>nl.imow-gm0297.activiteitlocatieaanduiding.201900001320210920031803</r:identificatie>
                     <r:activiteitregelkwalificatie>http://standaarden.omgevingswet.overheid.nl/activiteitregelkwalificatie/id/concept/Vergunningplicht</r:activiteitregelkwalificatie>
                     <r:locatieaanduiding>
                        <l:LocatieRef xlink:href="nl.imow-gm0297.gebiedengroep.Bedrijfcategorie220210920031803"/>
                     </r:locatieaanduiding>
                  </r:ActiviteitLocatieaanduiding>
               </r:activiteitaanduiding>
            </r:RegelVoorIedereen>
         </ow-dc:owObject>
      </sl:stand>
      <!-- artikel 2.9 -->
      <sl:stand>
         <ow-dc:owObject>
            <r:Regeltekst wId="gm0297_1__chp_2__subchp_2.3__art_2.9">
               <r:identificatie>nl.imow-gm0297.regeltekst.201900001220210920031803</r:identificatie>
            </r:Regeltekst>
         </ow-dc:owObject>
      </sl:stand>
      <sl:stand>
         <ow-dc:owObject>
            <r:RegelVoorIedereen>
               <r:identificatie>nl.imow-gm0297.juridischeregel.201900001320210920031803</r:identificatie>
               <r:idealisatie>http://standaarden.omgevingswet.overheid.nl/idealisatie/id/concept/Exact</r:idealisatie>
               <r:artikelOfLid>
                  <r:RegeltekstRef xlink:href="nl.imow-gm0297.regeltekst.201900001220210920031803"/>
               </r:artikelOfLid>
               <r:locatieaanduiding>
                  <l:LocatieRef xlink:href="nl.imow-gm0297.gebiedengroep.centrumgebied20210920031803"/>
               </r:locatieaanduiding>
               <r:gebiedsaanwijzing>
                  <ga:GebiedsaanwijzingRef xlink:href="nl.imow-gm0297.gebiedsaanwijzing.201900000220210920031803"/>
                  <!--Centrumgebied-->
               </r:gebiedsaanwijzing>
            </r:RegelVoorIedereen>
         </ow-dc:owObject>
      </sl:stand>
      <!-- artikel 2.10 -->
      <!-- Hier is voor het voorbeeld op dit moment één activiteit uitgewerkt, de bijzondere, lijstitem i -->
      <sl:stand>
         <ow-dc:owObject>
            <r:Regeltekst wId="gm0297_1__chp_2__subchp_2.3__art_2.10">
               <r:identificatie>nl.imow-gm0297.regeltekst.201900000820210920031803</r:identificatie>
               <r:gerelateerdeRegeltekst>
                  <r:RegeltekstRef xlink:href="nl.imow-gm0297.regeltekst.201900001220210920031803"/>
               </r:gerelateerdeRegeltekst>
            </r:Regeltekst>
         </ow-dc:owObject>
      </sl:stand>
      <sl:stand>
         <ow-dc:owObject>
            <r:RegelVoorIedereen>
               <r:identificatie>nl.imow-gm0297.juridischeregel.201900001420210920031803</r:identificatie>
               <r:idealisatie>http://standaarden.omgevingswet.overheid.nl/idealisatie/id/concept/Exact</r:idealisatie>
               <r:artikelOfLid>
                  <r:RegeltekstRef xlink:href="nl.imow-gm0297.regeltekst.201900000820210920031803"/>
               </r:artikelOfLid>
               <r:locatieaanduiding>
                  <l:LocatieRef xlink:href="nl.imow-gm0297.gebiedengroep.speelhal20210920031803"/>
                  <l:LocatieRef xlink:href="nl.imow-gm0297.gebied.201900000820210920031803"/>
                  <l:LocatieRef xlink:href="nl.imow-gm0297.gebied.201900000920210920031803"/>
                  <l:LocatieRef xlink:href="nl.imow-gm0297.gebied.201900001020210920031803"/>
                  <l:LocatieRef xlink:href="nl.imow-gm0297.gebiedengroep.zuilichem20210920031803"/>
               </r:locatieaanduiding>
               <r:activiteitaanduiding>
                  <rol:ActiviteitRef xlink:href="nl.imow-gm0297.activiteit.201900066020210920031803"/>
                  <!--exploiteren van een speelautomatenhal-->
                  <r:ActiviteitLocatieaanduiding>
                     <r:identificatie>nl.imow-gm0297.activiteitlocatieaanduiding.201900001220210920031803</r:identificatie>
                     <r:activiteitregelkwalificatie>http://standaarden.omgevingswet.overheid.nl/activiteitregelkwalificatie/id/concept/Toegestaan</r:activiteitregelkwalificatie>
                     <r:locatieaanduiding>
                        <l:LocatieRef xlink:href="nl.imow-gm0297.gebiedengroep.speelhal20210920031803"/>
                     </r:locatieaanduiding>
                  </r:ActiviteitLocatieaanduiding>
               </r:activiteitaanduiding>
               <r:activiteitaanduiding>
                  <rol:ActiviteitRef xlink:href="nl.imow-gm0297.activiteit.201900068020210920031803"/>
                  <!--exploiteren van een kantoor-->
                  <r:ActiviteitLocatieaanduiding>
                     <r:identificatie>nl.imow-gm0297.activiteitlocatieaanduiding.201900001420210920031803</r:identificatie>
                     <r:activiteitregelkwalificatie>http://standaarden.omgevingswet.overheid.nl/activiteitregelkwalificatie/id/concept/Toegestaan</r:activiteitregelkwalificatie>
                     <r:locatieaanduiding>
                        <l:LocatieRef xlink:href="nl.imow-gm0297.gebiedengroep.centrumgebied20210920031803"/>
                     </r:locatieaanduiding>
                  </r:ActiviteitLocatieaanduiding>
               </r:activiteitaanduiding>
            </r:RegelVoorIedereen>
         </ow-dc:owObject>
      </sl:stand>
      <!-- artikel 2.12 -->
      <sl:stand>
         <ow-dc:owObject><!-- Artikel -->
            <r:Regeltekst wId="gm0297_1__chp_2__subchp_2.4__art_2.12">
               <r:identificatie>nl.imow-gm0297.regeltekst.201900000920210920031803</r:identificatie>
            </r:Regeltekst>
         </ow-dc:owObject>
      </sl:stand>
      <sl:stand>
         <ow-dc:owObject>
            <r:Omgevingswaarderegel>
               <r:identificatie>nl.imow-gm0297.juridischeregel.201900001520210920031803</r:identificatie>
               <r:idealisatie>http://standaarden.omgevingswet.overheid.nl/idealisatie/id/concept/Exact</r:idealisatie>
               <r:artikelOfLid>
                  <r:RegeltekstRef xlink:href="nl.imow-gm0297.regeltekst.201900000920210920031803"/>
               </r:artikelOfLid>
               <r:locatieaanduiding>
                  <l:LocatieRef xlink:href="nl.imow-gm0297.gebiedengroep.zuilichem20210920031803"/>
               </r:locatieaanduiding>
               <r:omgevingswaardeaanduiding>
                  <rol:OmgevingswaardeRef xlink:href="nl.imow-gm0297.omgevingswaarde.201900000120210920031803"/>
                  <!--Fijnstof-->
               </r:omgevingswaardeaanduiding>
            </r:Omgevingswaarderegel>
         </ow-dc:owObject>
      </sl:stand>
      <!-- artikel 2.14 -->
      <sl:stand>
         <ow-dc:owObject><!-- Artikel -->
            <r:Regeltekst wId="gm0297_1__chp_2__subchp_2.5__art_2.14">
               <r:identificatie>nl.imow-gm0297.regeltekst.201900001020210920031803</r:identificatie>
            </r:Regeltekst>
         </ow-dc:owObject>
      </sl:stand>
      <sl:stand>
         <ow-dc:owObject>
            <r:RegelVoorIedereen>
               <r:identificatie>nl.imow-gm0297.juridischeregel.201900001620210920031803</r:identificatie>
               <r:idealisatie>http://standaarden.omgevingswet.overheid.nl/idealisatie/id/concept/Exact</r:idealisatie>
               <r:artikelOfLid>
                  <r:RegeltekstRef xlink:href="nl.imow-gm0297.regeltekst.201900001020210920031803"/>
               </r:artikelOfLid>
               <r:locatieaanduiding>
                  <l:LocatieRef xlink:href="nl.imow-gm0297.gebiedengroep.speelhal20210920031803"/>
                  <l:LocatieRef xlink:href="nl.imow-gm0297.gebied.201900000820210920031803"/>
                  <l:LocatieRef xlink:href="nl.imow-gm0297.gebied.201900000920210920031803"/>
                  <l:LocatieRef xlink:href="nl.imow-gm0297.gebied.201900001020210920031803"/>
                  <l:LocatieRef xlink:href="nl.imow-gm0297.gebiedengroep.zuilichem20210920031803"/>
                  <l:LocatieRef xlink:href="nl.imow-gm0297.gebied.201900001320210920031803"/>
               </r:locatieaanduiding>
               <r:omgevingsnormaanduiding>
                  <rol:OmgevingsnormRef xlink:href="nl.imow-gm0297.omgevingsnorm.201900000220210920031803"/>
                  <!-- maximum bouwhoogte bedrijfsgebouw -->
               </r:omgevingsnormaanduiding>
            </r:RegelVoorIedereen>
         </ow-dc:owObject>
      </sl:stand>
      <!-- artikel 2.15 -->
      <sl:stand>
         <ow-dc:owObject>
            <r:Regeltekst wId="gm0297_1__chp_2__subchp_2.5__art_2.15">
               <r:identificatie>nl.imow-gm0297.regeltekst.201900001520210920031803</r:identificatie>
            </r:Regeltekst>
         </ow-dc:owObject>
      </sl:stand>
      <sl:stand>
         <ow-dc:owObject>
            <r:RegelVoorIedereen>
               <r:identificatie>nl.imow-gm0297.juridischeregel.201900001720210920031803</r:identificatie>
               <r:idealisatie>http://standaarden.omgevingswet.overheid.nl/idealisatie/id/concept/Exact</r:idealisatie>
               <r:artikelOfLid>
                  <r:RegeltekstRef xlink:href="nl.imow-gm0297.regeltekst.201900001520210920031803"/>
               </r:artikelOfLid>
               <r:locatieaanduiding>
                  <l:LocatieRef xlink:href="nl.imow-gm0297.gebiedengroep.zoneA20210920031803"/>
                  <l:LocatieRef xlink:href="nl.imow-gm0297.gebiedengroep.zoneB20210920031803"/>
                  <l:LocatieRef xlink:href="nl.imow-gm0297.gebiedengroep.centrumgebied20210920031803"/>
               </r:locatieaanduiding>
               <r:kaartaanduiding>
                  <k:KaartRef xlink:href="nl.imow-gm0297.kaart.201900000120210920031803"/>
               </r:kaartaanduiding>
               <r:omgevingsnormaanduiding>
                  <rol:OmgevingsnormRef xlink:href="nl.imow-gm0297.omgevingsnorm.201900000320210920031803"/>
                  <!--welstandsniveau-->
               </r:omgevingsnormaanduiding>
            </r:RegelVoorIedereen>
         </ow-dc:owObject>
      </sl:stand>
      <sl:stand>
         <ow-dc:owObject>
            <r:Regeltekst wId="gm0297_1__chp_5__subchp_5.1__art_5.1">
               <r:identificatie>nl.imow-gm0297.regeltekst.201900011320210920031803</r:identificatie>
            </r:Regeltekst>
         </ow-dc:owObject>
      </sl:stand>
      <sl:stand>
         <ow-dc:owObject>
            <r:RegelVoorIedereen>
               <r:identificatie>nl.imow-gm0297.juridischeregel.201900011320210920031803</r:identificatie>
               <r:idealisatie>http://standaarden.omgevingswet.overheid.nl/idealisatie/id/concept/Exact</r:idealisatie>
               <r:artikelOfLid>
                  <r:RegeltekstRef xlink:href="nl.imow-gm0297.regeltekst.201900011320210920031803"/>
               </r:artikelOfLid>
               <r:locatieaanduiding>
                  <l:LocatieRef xlink:href="nl.imow-gm0297.ambtsgebied.ZaltbommelAmbtsgebied10920031803"/>
               </r:locatieaanduiding>
               <r:activiteitaanduiding>
                  <rol:ActiviteitRef xlink:href="nl.imow-gm0297.activiteit.201900080020210920031803"/>
                  <r:ActiviteitLocatieaanduiding>
                     <r:identificatie>nl.imow-gm0297.activiteitlocatieaanduiding.2019000011120210920031803</r:identificatie>
                     <r:activiteitregelkwalificatie>http://standaarden.omgevingswet.overheid.nl/activiteitregelkwalificatie/id/concept/Toegestaan</r:activiteitregelkwalificatie>
                     <r:locatieaanduiding>
                        <l:LocatieRef xlink:href="nl.imow-gm0297.ambtsgebied.ZaltbommelAmbtsgebied10920031803"/>
                     </r:locatieaanduiding>
                  </r:ActiviteitLocatieaanduiding>
               </r:activiteitaanduiding>
               <r:activiteitaanduiding>
                  <rol:ActiviteitRef xlink:href="nl.imow-gm0297.activiteit.201900080020210920031803"/>
                  <r:ActiviteitLocatieaanduiding>
                     <r:identificatie>nl.imow-gm0297.activiteitlocatieaanduiding.2019000011220210920031803</r:identificatie>
                     <r:activiteitregelkwalificatie>http://standaarden.omgevingswet.overheid.nl/activiteitregelkwalificatie/id/concept/Meldingsplicht</r:activiteitregelkwalificatie>
                     <r:locatieaanduiding>
                        <l:LocatieRef xlink:href="nl.imow-gm0297.ambtsgebied.ZaltbommelAmbtsgebied10920031803"/>
                     </r:locatieaanduiding>
                  </r:ActiviteitLocatieaanduiding>
               </r:activiteitaanduiding>
               <r:activiteitaanduiding>
                  <rol:ActiviteitRef xlink:href="nl.imow-gm0297.activiteit.201900080020210920031803"/>
                  <r:ActiviteitLocatieaanduiding>
                     <r:identificatie>nl.imow-gm0297.activiteitlocatieaanduiding.2019000011320210920031803</r:identificatie>
                     <r:activiteitregelkwalificatie>http://standaarden.omgevingswet.overheid.nl/activiteitregelkwalificatie/id/concept/Vergunningplicht</r:activiteitregelkwalificatie>
                     <r:locatieaanduiding>
                        <l:LocatieRef xlink:href="nl.imow-gm0297.ambtsgebied.ZaltbommelAmbtsgebied10920031803"/>
                     </r:locatieaanduiding>
                  </r:ActiviteitLocatieaanduiding>
               </r:activiteitaanduiding>
            </r:RegelVoorIedereen>
         </ow-dc:owObject>
      </sl:stand>
      <sl:stand>
         <ow-dc:owObject>
            <r:Regeltekst wId="gm0297_1__chp_6__subchp_6.1__art_6.1__para_1">
               <r:identificatie>nl.imow-gm0297.regeltekst.201900011420210920031803</r:identificatie>
            </r:Regeltekst>
         </ow-dc:owObject>
      </sl:stand>
      <sl:stand>
         <ow-dc:owObject>
            <r:RegelVoorIedereen>
               <r:identificatie>nl.imow-gm0297.juridischeregel.201900011420210920031803</r:identificatie>
               <r:idealisatie>http://standaarden.omgevingswet.overheid.nl/idealisatie/id/concept/Exact</r:idealisatie>
               <r:artikelOfLid>
                  <r:RegeltekstRef xlink:href="nl.imow-gm0297.regeltekst.201900011420210920031803"/>
               </r:artikelOfLid>
               <r:locatieaanduiding>
                  <l:LocatieRef xlink:href="nl.imow-gm0297.ambtsgebied.ZaltbommelAmbtsgebied10920031803"/>
               </r:locatieaanduiding>
               <r:activiteitaanduiding>
                  <rol:ActiviteitRef xlink:href="nl.imow-gm0297.activiteit.201900081020210920031803"/>
                  <r:ActiviteitLocatieaanduiding>
                     <r:identificatie>nl.imow-gm0297.activiteitlocatieaanduiding.2019000011420210920031803</r:identificatie>
                     <r:activiteitregelkwalificatie>http://standaarden.omgevingswet.overheid.nl/activiteitregelkwalificatie/id/concept/Vergunningplicht</r:activiteitregelkwalificatie>
                     <r:locatieaanduiding>
                        <l:LocatieRef xlink:href="nl.imow-gm0297.ambtsgebied.ZaltbommelAmbtsgebied10920031803"/>
                     </r:locatieaanduiding>
                  </r:ActiviteitLocatieaanduiding>
               </r:activiteitaanduiding>
            </r:RegelVoorIedereen>
         </ow-dc:owObject>
      </sl:stand>
      <sl:stand>
         <ow-dc:owObject>
            <r:Regeltekst wId="gm0297_1__chp_6__subchp_6.1__art_6.1__para_2">
               <r:identificatie>nl.imow-gm0297.regeltekst.201900011520210920031803</r:identificatie>
            </r:Regeltekst>
         </ow-dc:owObject>
      </sl:stand>
      <sl:stand>
         <ow-dc:owObject>
            <r:RegelVoorIedereen>
               <r:identificatie>nl.imow-gm0297.juridischeregel.201900011520210920031803</r:identificatie>
               <r:idealisatie>http://standaarden.omgevingswet.overheid.nl/idealisatie/id/concept/Exact</r:idealisatie>
               <r:artikelOfLid>
                  <r:RegeltekstRef xlink:href="nl.imow-gm0297.regeltekst.201900011520210920031803"/>
               </r:artikelOfLid>
               <r:locatieaanduiding>
                  <l:LocatieRef xlink:href="nl.imow-gm0297.ambtsgebied.ZaltbommelAmbtsgebied10920031803"/>
               </r:locatieaanduiding>
               <r:activiteitaanduiding>
                  <rol:ActiviteitRef xlink:href="nl.imow-gm0297.activiteit.201900081020210920031803"/>
                  <r:ActiviteitLocatieaanduiding>
                     <r:identificatie>nl.imow-gm0297.activiteitlocatieaanduiding.2019000011520210920031803</r:identificatie>
                     <r:activiteitregelkwalificatie>http://standaarden.omgevingswet.overheid.nl/activiteitregelkwalificatie/id/concept/Toegestaan</r:activiteitregelkwalificatie>
                     <r:locatieaanduiding>
                        <l:LocatieRef xlink:href="nl.imow-gm0297.ambtsgebied.ZaltbommelAmbtsgebied10920031803"/>
                     </r:locatieaanduiding>
                  </r:ActiviteitLocatieaanduiding>
               </r:activiteitaanduiding>
            </r:RegelVoorIedereen>
         </ow-dc:owObject>
      </sl:stand>
      <!--onderstaande is overbodig als er al een topactiviteit aanwezig is in de omgeving-->
      <!--      <sl:stand>
         <ow-dc:owObject>
            <r:Regeltekst wId="gm0297_1__chp_1__art_1.4">
               <r:identificatie>nl.imow-gm0297.regeltekst.2019000116</r:identificatie>
            </r:Regeltekst>
         </ow-dc:owObject>
      </sl:stand>
      <sl:stand>
         <ow-dc:owObject>
            <r:RegelVoorIedereen>
               <r:identificatie>nl.imow-gm0297.juridischeregel.2019000019</r:identificatie>
               <r:idealisatie>http://standaarden.omgevingswet.overheid.nl/idealisatie/id/concept/Exact</r:idealisatie>
               <r:artikelOfLid>
                  <r:RegeltekstRef xlink:href="nl.imow-gm0297.regeltekst.2019000116"/>
               </r:artikelOfLid>
               <r:locatieaanduiding>
                  <l:LocatieRef xlink:href="nl.imow-gm0297.gebiedengroep.zuilichem"/>
               </r:locatieaanduiding>
               <r:activiteitaanduiding>
                  <rol:ActiviteitRef xlink:href="nl.imow-gm0297.activiteit.ActInOmgevingsplanGem"/>
                  <r:ActiviteitLocatieaanduiding>
                     <r:identificatie>nl.imow-gm0297.activiteitlocatieaanduiding.2019000015</r:identificatie>
                     <r:activiteitregelkwalificatie>http://standaarden.omgevingswet.overheid.nl/activiteitregelkwalificatie/id/concept/AndersGeduid</r:activiteitregelkwalificatie>
                     <r:locatieaanduiding>
                        <l:LocatieRef xlink:href="nl.imow-gm0297.gebiedengroep.zuilichem"/>
                     </r:locatieaanduiding>
                  </r:ActiviteitLocatieaanduiding>
               </r:activiteitaanduiding>
            </r:RegelVoorIedereen>
         </ow-dc:owObject>
      </sl:stand>-->
   </sl:standBestand>
</ow-dc:owBestand>
