<?xml version="1.0" encoding="utf-8"?>
<!--Voor validatie is het noodzakelijk om ook de catalogi van de gepubliceerde versie 1.0.4 te laden.-->
<AanleveringInformatieObject xmlns="https://standaarden.overheid.nl/lvbb/stop/aanlevering/"
                             xmlns:geo="https://standaarden.overheid.nl/stop/imop/geo/"
                             xmlns:xsi="http://www.w3.org/2001/XMLSchema-instance"
                             schemaversie="1.0.4"
                             xsi:schemaLocation="https://standaarden.overheid.nl/lvbb/stop/aanlevering https://standaarden.overheid.nl/lvbb/1.0.4/lvbb-stop-aanlevering.xsd">
   <InformatieObjectVersie>
      <ExpressionIdentificatie xmlns="https://standaarden.overheid.nl/stop/imop/data/">
         <data:FRBRWork xmlns:data="https://standaarden.overheid.nl/stop/imop/data/">/join/id/regdata/gm0297/2019/regelingsgebied-STOP3002-20210916023200</data:FRBRWork>
         <data:FRBRExpression xmlns:data="https://standaarden.overheid.nl/stop/imop/data/">/join/id/regdata/gm0297/2019/regelingsgebied-STOP3002-20210916023200/nld@2019-06-18;3520</data:FRBRExpression>
         <soortWork>/join/id/stop/work_010</soortWork>
      </ExpressionIdentificatie>
      <InformatieObjectVersieMetadata xmlns="https://standaarden.overheid.nl/stop/imop/data/">
         <data:heeftGeboorteregeling xmlns:data="https://standaarden.overheid.nl/stop/imop/data/">/akn/nl/act/gm0297/2019/STOP3002-20210916023200_0</data:heeftGeboorteregeling>
         <heeftBestanden>
            <heeftBestand>
               <Bestand>
                  <bestandsnaam>regelingsgebied.gml</bestandsnaam>
                  <data:hash xmlns:data="https://standaarden.overheid.nl/stop/imop/data/">ef14757455c268dcf17d815d9c50cd4abe66009e540936fde63bbdb825205c93913f0a1bf3d5fda688fbb0ad01c39416b7b22cdde7c1b9ad7d079480d4acc2ef</data:hash>
               </Bestand>
            </heeftBestand>
         </heeftBestanden>
      </InformatieObjectVersieMetadata>
      <InformatieObjectMetadata xmlns="https://standaarden.overheid.nl/stop/imop/data/">
         <eindverantwoordelijke>/tooi/id/gemeente/gm0297</eindverantwoordelijke>
         <maker>/tooi/id/gemeente/gm0297</maker>
         <alternatieveTitels>
            <alternatieveTitel>Regelingsgebied</alternatieveTitel>
         </alternatieveTitels>
         <data:officieleTitel xmlns:data="https://standaarden.overheid.nl/stop/imop/data/">/join/id/regdata/gm0297/2019/regelingsgebied-STOP3002-20210916023200</data:officieleTitel>
         <publicatieinstructie>TeConsolideren</publicatieinstructie>
         <naamInformatieObject>Regelingsgebied</naamInformatieObject>
         <formaatInformatieobject>/join/id/stop/informatieobject/gio_002</formaatInformatieobject>
      </InformatieObjectMetadata>
   </InformatieObjectVersie>
</AanleveringInformatieObject>
