<?xml version="1.0" encoding="utf-8"?>
<!--Voor validatie is het noodzakelijk om ook de catalogi van de gepubliceerde versie 1.0.4 te laden.-->
<AanleveringInformatieObject xmlns="https://standaarden.overheid.nl/lvbb/stop/aanlevering/"
                             xmlns:geo="https://standaarden.overheid.nl/stop/imop/geo/"
                             xmlns:xsi="http://www.w3.org/2001/XMLSchema-instance"
                             schemaversie="1.1.0"
                             xsi:schemaLocation="https://standaarden.overheid.nl/lvbb/stop/aanlevering https://standaarden.overheid.nl/lvbb/1.1.0/lvbb-stop-aanlevering.xsd">
   <InformatieObjectVersie>
      <ExpressionIdentificatie xmlns="https://standaarden.overheid.nl/stop/imop/data/">
         <data:FRBRWork xmlns:data="https://standaarden.overheid.nl/stop/imop/data/">/join/id/regdata/gm0297/2019/Welstand-LVBB5011-20210915123001</data:FRBRWork>
         <data:FRBRExpression xmlns:data="https://standaarden.overheid.nl/stop/imop/data/">/join/id/regdata/gm0297/2019/Welstand-LVBB5011-20210915123001/nld@2021-09-18;LVBB_3520</data:FRBRExpression>
         <soortWork>/join/id/stop/work_010</soortWork>
      </ExpressionIdentificatie>
      <InformatieObjectVersieMetadata xmlns="https://standaarden.overheid.nl/stop/imop/data/">
         <heeftBestanden>
            <heeftBestand>
               <Bestand>
                  <bestandsnaam>Welstand.gml</bestandsnaam>
                  <data:hash xmlns:data="https://standaarden.overheid.nl/stop/imop/data/">22c763a77688aa07dce918016e17ccc7005fb7517c95353ea77cf9b8ab82f74734ed43370826074842f1e4d5e14729941e2bb01ccf73ecab8d031ac95cff839d</data:hash>
               </Bestand>
            </heeftBestand>
         </heeftBestanden>
         <data:heeftGeboorteregeling xmlns:data="https://standaarden.overheid.nl/stop/imop/data/">/akn/nl/act/gm0297/2019/LVBB5011-AFBREEK-20210915123001_0</data:heeftGeboorteregeling>
      </InformatieObjectVersieMetadata>
      <InformatieObjectMetadata xmlns="https://standaarden.overheid.nl/stop/imop/data/">
         <eindverantwoordelijke>/tooi/id/gemeente/gm0297</eindverantwoordelijke>
         <maker>/tooi/id/gemeente/gm0297</maker>
         <alternatieveTitels>
            <alternatieveTitel>welstandsniveau</alternatieveTitel>
         </alternatieveTitels>
         <data:officieleTitel xmlns:data="https://standaarden.overheid.nl/stop/imop/data/">/join/id/regdata/gm0297/2019/Welstand-LVBB5011-20210915123001</data:officieleTitel>
         <publicatieinstructie>TeConsolideren</publicatieinstructie>
         <formaatInformatieobject>/join/id/stop/informatieobject/gio_002</formaatInformatieobject>
         <naamInformatieObject>welstandsniveau</naamInformatieObject>
      </InformatieObjectMetadata>
      <FeatureTypeStyle xmlns="http://www.opengis.net/se" version="1.1.0">
         <FeatureTypeName>geo:Locatie</FeatureTypeName>
         <SemanticTypeIdentifier>geo:kwalitatieveNormwaarde</SemanticTypeIdentifier>
         <Rule>
            <Name>Welstandsniveau laag</Name>
            <Description>
               <Title>Laag</Title>
               <Abstract>Welstandsniveau laag</Abstract>
            </Description>
            <Filter xmlns="http://www.opengis.net/ogc">
               <PropertyIsEqualTo>
                  <PropertyName>kwalitatieveNormwaarde</PropertyName>
                  <Literal>laag</Literal>
               </PropertyIsEqualTo>
            </Filter>
            <PolygonSymbolizer>
               <Name>vsgt307</Name>
               <Fill>
                  <SvgParameter name="fill">#d2d2ff</SvgParameter>
                  <SvgParameter name="fill-opacity">0.3</SvgParameter>
               </Fill>
               <Stroke>
                  <SvgParameter name="stroke">#0000ff</SvgParameter>
                  <SvgParameter name="stroke-opacity">1</SvgParameter>
                  <SvgParameter name="stroke-width">0.5</SvgParameter>
                  <SvgParameter name="stroke-linejoin">round</SvgParameter>
               </Stroke>
            </PolygonSymbolizer>
         </Rule>
         <Rule>
            <Name>Welstandsniveau midden</Name>
            <Description>
               <Title>Midden</Title>
               <Abstract>Welstandsniveau midden</Abstract>
            </Description>
            <Filter xmlns="http://www.opengis.net/ogc">
               <PropertyIsEqualTo>
                  <PropertyName>kwalitatieveNormwaarde</PropertyName>
                  <Literal>midden</Literal>
               </PropertyIsEqualTo>
            </Filter>
            <PolygonSymbolizer>
               <Name>vsgt304</Name>
               <Fill>
                  <SvgParameter name="fill">#7878ff</SvgParameter>
                  <SvgParameter name="fill-opacity">0.3</SvgParameter>
               </Fill>
               <Stroke>
                  <SvgParameter name="stroke">#0000ff</SvgParameter>
                  <SvgParameter name="stroke-opacity">1</SvgParameter>
                  <SvgParameter name="stroke-width">0.5</SvgParameter>
                  <SvgParameter name="stroke-linejoin">round</SvgParameter>
               </Stroke>
            </PolygonSymbolizer>
         </Rule>
         <Rule>
            <Name>Welstandsniveau hoog</Name>
            <Description>
               <Title>Hoog</Title>
               <Abstract>Welstandsniveau hoog</Abstract>
            </Description>
            <Filter xmlns="http://www.opengis.net/ogc">
               <PropertyIsEqualTo>
                  <PropertyName>kwalitatieveNormwaarde</PropertyName>
                  <Literal>hoog</Literal>
               </PropertyIsEqualTo>
            </Filter>
            <PolygonSymbolizer>
               <Name>vsgt304</Name>
               <Fill>
                  <SvgParameter name="fill">#0000ff</SvgParameter>
                  <SvgParameter name="fill-opacity">0.3</SvgParameter>
               </Fill>
               <Stroke>
                  <SvgParameter name="stroke">#0000ff</SvgParameter>
                  <SvgParameter name="stroke-opacity">1</SvgParameter>
                  <SvgParameter name="stroke-width">0.5</SvgParameter>
                  <SvgParameter name="stroke-linejoin">round</SvgParameter>
               </Stroke>
            </PolygonSymbolizer>
         </Rule>
      </FeatureTypeStyle>
   </InformatieObjectVersie>
</AanleveringInformatieObject>
