<?xml version="1.0" encoding="utf-8"?>
<Aanleveringen xmlns:xsi="http://www.w3.org/2001/XMLSchema-instance"
               xmlns="http://www.geostandaarden.nl/bestanden-ow/manifest-ow"
               xsi:schemaLocation="http://www.geostandaarden.nl/bestanden-ow/manifest-ow https://register.geostandaarden.nl/xmlschema/tpod/v1.0.3/bestanden-ow/generiek/manifest-ow.xsd">
   <domein>omgevingswet</domein>
   <Aanlevering>
      <manifest-ow:WorkIDRegeling xmlns:manifest-ow="http://www.geostandaarden.nl/bestanden-ow/manifest-ow">/akn/nl/act/gm0297/2019/LVBB4203-AFBREEK-20210907015840_0</manifest-ow:WorkIDRegeling>
      <manifest-ow:DoelID xmlns:manifest-ow="http://www.geostandaarden.nl/bestanden-ow/manifest-ow">/join/id/proces/gm0297/2019/LVBB4203-20210907015840</manifest-ow:DoelID>
      <Bestand>
         <naam>owActiviteiten-Gemeentestad.xml</naam>
         <objecttype>Activiteit</objecttype>
      </Bestand>
      <Bestand>
         <naam>owGebiedsaanwijzingen-Gemeentestad.xml</naam>
         <objecttype>Gebiedsaanwijzing</objecttype>
      </Bestand>
      <Bestand>
         <naam>owKaart.xml</naam>
         <objecttype>Kaart</objecttype>
      </Bestand>
      <Bestand>
         <naam>owPons-Gemeentestad.xml</naam>
         <objecttype>Pons</objecttype>
      </Bestand>
      <Bestand>
         <naam>owOmgevingsnormOmgevingswaarde.xml</naam>
         <objecttype>Omgevingsnorm</objecttype>
         <objecttype>Omgevingswaarde</objecttype>
      </Bestand>
      <Bestand>
         <naam>owLocaties-Gemeentestad.xml</naam>
         <objecttype>Gebiedengroep</objecttype>
         <objecttype>Gebied</objecttype>
         <objecttype>Ambtsgebied</objecttype>
      </Bestand>
      <Bestand>
         <naam>owRegeltekst-Gemeentestad.xml</naam>
         <objecttype>Regeltekst</objecttype>
         <objecttype>RegelVoorIedereen</objecttype>
         <objecttype>Omgevingswaarderegel</objecttype>
      </Bestand>
      <Bestand>
         <naam>owRegelingsgebied.xml</naam>
         <objecttype>Regelingsgebied</objecttype>
      </Bestand>
      <Bestand>
         <naam>owSymbolisatieItem.xml</naam>
         <objecttype>SymbolisatieItem</objecttype>
      </Bestand>
   </Aanlevering>
</Aanleveringen>
