<?xml version="1.0" encoding="utf-8"?>
<!-- -->
<AanleveringInformatieObject xmlns="https://standaarden.overheid.nl/lvbb/stop/aanlevering/"
                             xmlns:geo="https://standaarden.overheid.nl/stop/imop/geo/"
                             xmlns:xsi="http://www.w3.org/2001/XMLSchema-instance"
                             schemaversie="1.1.0"
                             xsi:schemaLocation="https://standaarden.overheid.nl/lvbb/stop/aanlevering https://standaarden.overheid.nl/lvbb/1.1.0/lvbb-stop-aanlevering.xsd">
   <InformatieObjectVersie>
      <ExpressionIdentificatie xmlns="https://standaarden.overheid.nl/stop/imop/data/">
         <data:FRBRWork xmlns:data="https://standaarden.overheid.nl/stop/imop/data/">/join/id/regdata/gm0297/2019/regelingsgebied-GEOMETRY_03_2-1-20220120041847</data:FRBRWork>
         <data:FRBRExpression xmlns:data="https://standaarden.overheid.nl/stop/imop/data/">/join/id/regdata/gm0297/2019/regelingsgebied-GEOMETRY_03_2-1-20220120041847/nld@2019-06-18;3520</data:FRBRExpression>
         <soortWork>/join/id/stop/work_010</soortWork>
      </ExpressionIdentificatie>
      <InformatieObjectVersieMetadata xmlns="https://standaarden.overheid.nl/stop/imop/data/">
         <data:heeftGeboorteregeling xmlns:data="https://standaarden.overheid.nl/stop/imop/data/">/akn/nl/act/gm0297/2019/GEOMETRY_03_2-1-20220120041847_0</data:heeftGeboorteregeling>
         <heeftBestanden>
            <heeftBestand>
               <Bestand>
                  <bestandsnaam>regelingsgebied.gml</bestandsnaam>
                  <data:hash xmlns:data="https://standaarden.overheid.nl/stop/imop/data/">8a06cff31ae65e7962c07f2201978a6e9634da4906eaa463cc34d869d6924f0482edf842351739b9a12b8014dea74d213c0886639eb841bbc0dce66f53ae2b96</data:hash>
               </Bestand>
            </heeftBestand>
         </heeftBestanden>
      </InformatieObjectVersieMetadata>
      <InformatieObjectMetadata xmlns="https://standaarden.overheid.nl/stop/imop/data/">
         <eindverantwoordelijke>/tooi/id/gemeente/gm0297</eindverantwoordelijke>
         <maker>/tooi/id/gemeente/gm0297</maker>
         <alternatieveTitels>
            <alternatieveTitel>Regelingsgebied</alternatieveTitel>
         </alternatieveTitels>
         <data:officieleTitel xmlns:data="https://standaarden.overheid.nl/stop/imop/data/">/join/id/regdata/gm0297/2019/regelingsgebied-GEOMETRY_03_2-1-20220120041847</data:officieleTitel>
         <publicatieinstructie>TeConsolideren</publicatieinstructie>
         <naamInformatieObject>Regelingsgebied</naamInformatieObject>
         <formaatInformatieobject>/join/id/stop/informatieobject/gio_002</formaatInformatieobject>
      </InformatieObjectMetadata>
   </InformatieObjectVersie>
</AanleveringInformatieObject>
