<?xml version="1.0" encoding="utf-8"?>
<validatieOpdracht xmlns:xsi="http://www.w3.org/2001/XMLSchema-instance"
                   xmlns="http://www.overheid.nl/2017/lvbb"
                   xsi:schemaLocation="http://www.overheid.nl/2017/lvbb ../lvbb/lvbb-transport.xsd">
   <idLevering>id-publicatie-1235-AFBREEK-LVBB4203-1-20210915121656</idLevering>
   <idBevoegdGezag>00000001807288111000</idBevoegdGezag>
   <idAanleveraar>00000001807288111000</idAanleveraar>
   <publicatie>Mutatie_besluit_eerstewijziging.xml</publicatie>
   <datumBekendmaking>2021-09-18</datumBekendmaking>
</validatieOpdracht>
