<?xml version="1.0" encoding="utf-8"?>
<ow-dc:owBestand xmlns:da="http://www.geostandaarden.nl/imow/datatypenalgemeen"
                 xmlns:ga="http://www.geostandaarden.nl/imow/gebiedsaanwijzing"
                 xmlns:gml="http://www.opengis.net/gml/3.2"
                 xmlns:l="http://www.geostandaarden.nl/imow/locatie"
                 xmlns:ow="http://www.geostandaarden.nl/imow/owobject"
                 xmlns:ow-dc="http://www.geostandaarden.nl/imow/bestanden/deelbestand"
                 xmlns:r="http://www.geostandaarden.nl/imow/regels"
                 xmlns:rol="http://www.geostandaarden.nl/imow/regelsoplocatie"
                 xmlns:s="http://www.geostandaarden.nl/imow/symbolisatie"
                 xmlns:sl="http://www.geostandaarden.nl/bestanden-ow/standlevering-generiek"
                 xmlns:xlink="http://www.w3.org/1999/xlink"
                 xmlns:xsi="http://www.w3.org/2001/XMLSchema-instance"
                 xsi:schemaLocation="http://www.geostandaarden.nl/imow/bestanden/deelbestand https://register.geostandaarden.nl/xmlschema/tpod/v2.0.0/bestanden-ow/deelbestand-ow/IMOW_Deelbestand.xsd">
   <sl:standBestand>
      <sl:dataset>Gemeentestad</sl:dataset>
      <sl:inhoud>
         <sl:gebied>Gemeentestad</sl:gebied>
         <sl:leveringsId>abc-20190221-0801-AFBREEK-LVBB7005-0-20220201093305</sl:leveringsId>
         <sl:objectTypen>
            <sl:objectType>SymbolisatieItem</sl:objectType>
         </sl:objectTypen>
      </sl:inhoud>
      <sl:stand>
         <ow-dc:owObject>
            <s:SymbolisatieItem>
               <s:symboolcode>vsgt201</s:symboolcode>
               <s:normwaardeSymbolisatie> 
                  <!--bouwhoogte 13 meter wordt donkergrijs gevuld met grijze omlijning-->
                  <rol:NormwaardeRef xlink:href="nl.imow-gm0297.normwaarde.201900000220220201093305"/>
               </s:normwaardeSymbolisatie>
            </s:SymbolisatieItem>
         </ow-dc:owObject>
      </sl:stand>
      <sl:stand>
         <ow-dc:owObject>
            <s:SymbolisatieItem>
               <s:symboolcode>vsgt206</s:symboolcode>
               <s:normwaardeSymbolisatie> 
                  <!--bouwhoogte 7 meter wordt lichtgrijs gevuld met grijze omlijning-->
                  <rol:NormwaardeRef xlink:href="nl.imow-gm0297.normwaarde.201900000320220201093305"/>
               </s:normwaardeSymbolisatie>
            </s:SymbolisatieItem>
         </ow-dc:owObject>
      </sl:stand>
      <sl:stand>
         <ow-dc:owObject>
            <s:SymbolisatieItem>
               <s:symboolcode>vsgt307</s:symboolcode>
               <s:normwaardeSymbolisatie> 
                  <!--de kwalitatieve waarde laag bij welstandsniveau wordt wit gevuld met een blauwe omlijning-->
                  <rol:NormwaardeRef xlink:href="nl.imow-gm0297.normwaarde.201900000420220201093305"/>
               </s:normwaardeSymbolisatie>
            </s:SymbolisatieItem>
         </ow-dc:owObject>
      </sl:stand>
      <sl:stand>
         <ow-dc:owObject>
            <s:SymbolisatieItem>
               <s:symboolcode>vsgt304</s:symboolcode>
               <s:normwaardeSymbolisatie> 
                  <!--de kwalitatieve waarde midden bij welstandsniveau wordt lichtblauw gevuld met een blauwe omlijning-->
                  <rol:NormwaardeRef xlink:href="nl.imow-gm0297.normwaarde.201900000520220201093305"/>
               </s:normwaardeSymbolisatie>
            </s:SymbolisatieItem>
         </ow-dc:owObject>
      </sl:stand>
      <sl:stand>
         <ow-dc:owObject>
            <s:SymbolisatieItem>
               <s:symboolcode>vsgt300</s:symboolcode>
               <s:normwaardeSymbolisatie> 
                  <!--de kwalitatieve waarde hoog bij welstandsniveau wordt blauw gevuld met een blauwe omlijning-->
                  <rol:NormwaardeRef xlink:href="nl.imow-gm0297.normwaarde.201900000620220201093305"/>
               </s:normwaardeSymbolisatie>
            </s:SymbolisatieItem>
         </ow-dc:owObject>
      </sl:stand>
      <sl:stand>
         <ow-dc:owObject>
            <s:SymbolisatieItem>
               <s:symboolcode>vag500</s:symboolcode>
               <!--aanleggen en instandhouden van voorzieningen voor de waterhuishouding wordt grijs omlijnd met zwarte stippen-->
               <s:activiteitLocatieaanduidingSymbolisatie>
                  <r:ActiviteitLocatieaanduidingRef xlink:href="nl.imow-gm0297.activiteitlocatieaanduiding.201900000420220201093305"/>
               </s:activiteitLocatieaanduidingSymbolisatie>
               <!--de gebiedsaanwijzing centrumgebied wordt grijs omlijnd met zwarte stippen-->
               <s:gebiedsaanwijzingSymbolisatie>
                  <ga:GebiedsaanwijzingRef xlink:href="nl.imow-gm0297.gebiedsaanwijzing.201900000220220201093305"/>
               </s:gebiedsaanwijzingSymbolisatie>
            </s:SymbolisatieItem>
         </ow-dc:owObject>
      </sl:stand>
      <sl:stand>
         <ow-dc:owObject>
            <s:SymbolisatieItem>
               <s:symboolcode>vag504</s:symboolcode>
               <s:activiteitLocatieaanduidingSymbolisatie>
                  <!--aanleggen nutsvoorzieningen wordt groen omlijnd met groene stippen-->
                  <r:ActiviteitLocatieaanduidingRef xlink:href="nl.imow-gm0297.activiteitlocatieaanduiding.201900000320220201093305"/>
                  <!--aanleggen en instandhouden van tuin en/of erf wordt groen omlijnd met groene stippen-->
                  <r:ActiviteitLocatieaanduidingRef xlink:href="nl.imow-gm0297.activiteitlocatieaanduiding.201900000520220201093305"/>
               </s:activiteitLocatieaanduidingSymbolisatie>
            </s:SymbolisatieItem>
         </ow-dc:owObject>
      </sl:stand>
      <sl:stand>
         <ow-dc:owObject>
            <s:SymbolisatieItem>
               <s:symboolcode>vah025</s:symboolcode>
               <s:activiteitLocatieaanduidingSymbolisatie>
                  <!--exploiteren van inrichtingen wordt rood met verticale strepen en onderbroken omlijning-->
                  <r:ActiviteitLocatieaanduidingRef xlink:href="nl.imow-gm0297.activiteitlocatieaanduiding.201900000720220201093305"/>
                  <!--verboden exploiteren van risicovolle inrichtingen wordt rood met verticale strepen en onderbroken omlijning-->
                  <r:ActiviteitLocatieaanduidingRef xlink:href="nl.imow-gm0297.activiteitlocatieaanduiding.201900000820220201093305"/>
                  <!--verboden opslagterrein wordt wordt rood met verticale strepen en onderbroken omlijning-->
                  <r:ActiviteitLocatieaanduidingRef xlink:href="nl.imow-gm0297.activiteitlocatieaanduiding.201900000920220201093305"/>
               </s:activiteitLocatieaanduidingSymbolisatie>
            </s:SymbolisatieItem>
         </ow-dc:owObject>
      </sl:stand>
   </sl:standBestand>
</ow-dc:owBestand>
