<?xml version="1.0" encoding="utf-8"?>
<ow-dc:owBestand xmlns:ow-dc="http://www.geostandaarden.nl/imow/bestanden/deelbestand"
                 xmlns:ow="http://www.geostandaarden.nl/imow/owobject"
                 xmlns:da="http://www.geostandaarden.nl/imow/datatypenalgemeen"
                 xmlns:sl="http://www.geostandaarden.nl/bestanden-ow/standlevering-generiek"
                 xmlns:ga="http://www.geostandaarden.nl/imow/gebiedsaanwijzing"
                 xmlns:k="http://www.geostandaarden.nl/imow/kaart"
                 xmlns:l="http://www.geostandaarden.nl/imow/locatie"
                 xmlns:p="http://www.geostandaarden.nl/imow/pons"
                 xmlns:r="http://www.geostandaarden.nl/imow/regels"
                 xmlns:rol="http://www.geostandaarden.nl/imow/regelsoplocatie"
                 xmlns:vt="http://www.geostandaarden.nl/imow/vrijetekst"
                 xmlns:xlink="http://www.w3.org/1999/xlink"
                 xmlns:xsi="http://www.w3.org/2001/XMLSchema-instance"
                 xsi:schemaLocation="http://www.geostandaarden.nl/imow/bestanden/deelbestand https://register.geostandaarden.nl/xmlschema/tpod/v1.0.3/bestanden-ow/deelbestand-ow/IMOW_Deelbestand.xsd">
   <sl:standBestand>
      <sl:dataset>Gemeentestad</sl:dataset>
      <sl:inhoud>
         <sl:gebied>Gemeentestad</sl:gebied>
         <sl:leveringsId>id-publicatie-OZON0079-OZON0079-0-20210722074312</sl:leveringsId>
         <sl:objectTypen>
            <sl:objectType>Gebied</sl:objectType>
            <sl:objectType>Gebiedengroep</sl:objectType>
            <sl:objectType>Punt</sl:objectType>
            <sl:objectType>Puntengroep</sl:objectType>
            <sl:objectType>Lijn</sl:objectType>
            <sl:objectType>Lijnengroep</sl:objectType>
         </sl:objectTypen>
      </sl:inhoud>
      <sl:stand>
         <ow-dc:owObject>
            <l:Puntengroep>
               <l:identificatie>nl.imow-gm0297.puntengroep.0000120210722074312</l:identificatie>
               <l:groepselement>
                  <l:PuntRef xlink:href="nl.imow-gm0297.punt.0000120210722074312"/>
                  <l:PuntRef xlink:href="nl.imow-gm0297.punt.0000220210722074312"/>
               </l:groepselement>
            </l:Puntengroep>
         </ow-dc:owObject>
      </sl:stand>
      <sl:stand>
         <ow-dc:owObject>
            <l:Punt>
               <l:identificatie>nl.imow-gm0297.punt.0000120210722074312</l:identificatie>
               <l:noemer>punt 1</l:noemer>
               <l:geometrie>
                  <l:GeometrieRef xlink:href="cd3538ff-42c1-4a77-be53-34fffdae1035"/>
               </l:geometrie>
            </l:Punt>
         </ow-dc:owObject>
      </sl:stand>
      <sl:stand>
         <ow-dc:owObject>
            <l:Punt>
               <l:identificatie>nl.imow-gm0297.punt.0000220210722074312</l:identificatie>
               <l:noemer>punt 2</l:noemer>
               <l:geometrie>
                  <l:GeometrieRef xlink:href="1fdebed8-5df0-42ea-b29d-2e47e4ff4714"/>
               </l:geometrie>
            </l:Punt>
         </ow-dc:owObject>
      </sl:stand>
      <sl:stand>
         <ow-dc:owObject>
            <l:Lijnengroep>
               <l:identificatie>nl.imow-gm0297.lijnengroep.0000120210722074312</l:identificatie>
               <l:groepselement>
                  <l:LijnRef xlink:href="nl.imow-gm0297.lijn.0000120210722074312"/>
                  <l:LijnRef xlink:href="nl.imow-gm0297.lijn.0000220210722074312"/>
               </l:groepselement>
            </l:Lijnengroep>
         </ow-dc:owObject>
      </sl:stand>
      <sl:stand>
         <ow-dc:owObject>
            <l:Lijn>
               <l:identificatie>nl.imow-gm0297.lijn.0000120210722074312</l:identificatie>
               <l:noemer>lijn 1</l:noemer>
               <l:geometrie>
                  <l:GeometrieRef xlink:href="7e9c2ed3-6a0b-42c5-8054-2cbf61090212"/>
               </l:geometrie>
            </l:Lijn>
         </ow-dc:owObject>
      </sl:stand>
      <sl:stand>
         <ow-dc:owObject>
            <l:Lijn>
               <l:identificatie>nl.imow-gm0297.lijn.0000220210722074312</l:identificatie>
               <l:noemer>lijn 2</l:noemer>
               <l:geometrie>
                  <l:GeometrieRef xlink:href="cdbc149d-1e30-4201-9bf5-8d96557984e8"/>
               </l:geometrie>
            </l:Lijn>
         </ow-dc:owObject>
      </sl:stand>
      <sl:stand>
         <ow-dc:owObject>
            <l:Gebiedengroep>
               <l:identificatie>nl.imow-gm0297.gebiedengroep.0000120210722074312</l:identificatie>
               <l:groepselement>
                  <l:GebiedRef xlink:href="nl.imow-gm0297.gebied.0000120210722074312"/>
                  <l:GebiedRef xlink:href="nl.imow-gm0297.gebied.0000220210722074312"/>
               </l:groepselement>
            </l:Gebiedengroep>
         </ow-dc:owObject>
      </sl:stand>
      <sl:stand>
         <ow-dc:owObject>
            <l:Gebied>
               <l:identificatie>nl.imow-gm0297.gebied.0000120210722074312</l:identificatie>
               <l:noemer>Goed gebied 1</l:noemer>
               <l:geometrie>
                  <l:GeometrieRef xlink:href="0ec02c49-e90e-4210-9660-de79cc706995"/>
               </l:geometrie>
            </l:Gebied>
         </ow-dc:owObject>
      </sl:stand>
      <sl:stand>
         <ow-dc:owObject>
            <l:Gebied>
               <l:identificatie>nl.imow-gm0297.gebied.0000220210722074312</l:identificatie>
               <l:noemer>Goed gebied 2</l:noemer>
               <l:geometrie>
                  <l:GeometrieRef xlink:href="75998050-c9a7-4c15-8486-55903618c26d"/>
               </l:geometrie>
            </l:Gebied>
         </ow-dc:owObject>
      </sl:stand>
   </sl:standBestand>
</ow-dc:owBestand>
