<?xml version="1.0" encoding="utf-8"?>
<ow-dc:owBestand xmlns:xsi="http://www.w3.org/2001/XMLSchema-instance"
                 xmlns:xlink="http://www.w3.org/1999/xlink"
                 xmlns:sl="http://www.geostandaarden.nl/bestanden-ow/standlevering-generiek"
                 xmlns:ow-dc="http://www.geostandaarden.nl/imow/bestanden/deelbestand"
                 xmlns:ow="http://www.geostandaarden.nl/imow/owobject"
                 xmlns:rg="http://www.geostandaarden.nl/imow/regelingsgebied"
                 xmlns:l="http://www.geostandaarden.nl/imow/locatie"
                 xsi:schemaLocation="http://www.geostandaarden.nl/imow/bestanden/deelbestand https://register.geostandaarden.nl/xmlschema/tpod/v1.0.3/bestanden-ow/deelbestand-ow/IMOW_Deelbestand.xsd">
   <sl:standBestand>
      <sl:dataset>Gemeente Leiden</sl:dataset>
      <sl:inhoud>
         <sl:gebied>Gemeente Leiden</sl:gebied>
         <sl:leveringsId>id-publicatie-1235-AFBREEK-OZON1035-1-20210729060004</sl:leveringsId>
         <sl:objectTypen>
            <sl:objectType>Gebied</sl:objectType>
         </sl:objectTypen>
      </sl:inhoud>
      <sl:stand>
         <ow-dc:owObject>
            <l:Gebied>
               <!-- FOUT OZON 1035 Een ontwerp Ow-object mag nog niet bestaan als vastgesteld Ow-object -->
               <ow:procedurestatus>ontwerp</ow:procedurestatus>
               <l:identificatie>nl.imow-gm0297.gebied.0000220210729060004</l:identificatie>
               <l:noemer>regelingsgebied</l:noemer>
               <l:geometrie>
                  <l:GeometrieRef xlink:href="fefddedc-f0f3-4dfd-ffde-33d4e433ff33"/>
               </l:geometrie>
            </l:Gebied>
         </ow-dc:owObject>
      </sl:stand>
   </sl:standBestand>
</ow-dc:owBestand>
